Query Name	Rank	Scaled Rank	Set_name	TF	Intersect	Set length	FET p-value	FDR	Odds Ratio	Library	Overlapping_Genes
"gene_set_query"	"1"	"0.008475"	"TCF3_MYOCYTE_MM9"	"TCF3"	"92"	"1708"	"7.057E-10"	"3.9E-7"	"2.158"	"ENCODE--ChIP-seq"	"RAPH1,MEF2A,PARD3,DDIT4,ATF3,SEH1L,NEDD4L,CDK17,TIPARP,ELL2,SH3BGRL3,MYOF,ANGPTL2,EXOC6,MGLL,ASAH1,USO1,ANKRD50,RNF145,MSI2,NPEPPS,LAMP1,TPM2,NEAT1,FRMD5,MALAT1,CD151,GLIS3,NRF1,BAG1,OSBPL3,NBEA,ADAMTS2,PMEPA1,BMP2K,SLC25A4,NFAT5,SEMA3C,FYN,TXNRD1,KLF7,ACTB,HERC3,FTH1,ARL15,ACTN1,RUNX1,SOAT1,CD109,OBSL1,NBEAL1,PYCR1,PTK2,STAG1,CALM3,SLC44A1,HIBADH,LARP1B,PPP3CA,MAP1LC3B,AKAP11,ZMYM4,ANKRD1,ITFG1,RHOJ,VGLL3,PRICKLE1,COX5A,KANSL1L,SORT1,UBE2G2,KLK11,ACTG1,LMO4,KCTD9,TBL1XR1,USP53,ZFP36L2,COBLL1,UBE2B,AZIN1,AFDN,CAPRIN1,TAB2,ACBD3,LRRFIP2,LATS2,DDAH1,RALA,IER5L,ATP1A1,PDLIM7"
"gene_set_query"	"2"	"0.01695"	"MYOG_MYOCYTE_MM9"	"MYOG"	"138"	"3208"	"1.325E-7"	"3.66E-5"	"1.704"	"ENCODE--ChIP-seq"	"TES,RAPH1,SLC4A2,PSMD2,PRKACB,MEF2A,RC3H1,EID1,EWSR1,TMEM126B,CGGBP1,NEDD4L,ZNF148,CADM1,EXOC6B,LARP6,MLLT11,PRXL2A,MTMR10,CLTC,MRC2,SH3BGRL3,DENND2A,MAMDC2,EMP2,FOS,ANGPTL2,PLIN2,MGLL,ASAH1,USO1,ANKRD50,TPK1,AGK,RNF145,APEX1,ETNK1,MSI2,MAP3K4,TPM2,NEAT1,MALAT1,AAGAB,ENY2,NRF1,GLIS2,BAG1,MCC,MOB4,NBEA,EIF4G1,ADAMTS2,PMEPA1,PGM5,VPS13C,METTL25,SLC25A4,NFAT5,ACSS3,PPM1L,FBXL20,MAL2,TXNRD1,KLF5,SPARC,CBLB,ACTB,HERC2,RUSC2,PDK1,SRRM2,ACTN4,RUNX1,THAP4,CD109,EZR,OBSL1,NKAIN2,SCFD1,XRCC6,PYCR1,PTK2,CALU,FBXL7,PTPRS,SLC44A1,HIBADH,LARP1B,PPP3CA,AKAP11,SPTLC2,ANKRD1,TMED7,WARS,ITFG1,VGLL3,PRICKLE1,KANSL1L,RANBP1,SORT1,UBE2G2,KLK11,ESYT2,MEGF9,CHCHD3,PPME1,LMO4,KCTD9,SCG5,WDFY3,ZFP36L2,UBB,COBLL1,UBE2H,CBX6,HSPA5,UBE2B,CCDC137,HMGA2,SMAD5,AZIN1,BMP6,TBCK,ACBD3,DDX3X,TSEN15,LAMC1,PTGIS,LATS2,PALLD,MYH9,LUC7L2,NT5C2,UACA,NT5DC1,SPOCK1,PDLIM7,TAF3"
"gene_set_query"	"3"	"0.02542"	"TEAD4_SKNSH_HG19"	"TEAD4"	"32"	"432"	"2.286E-7"	"4.21E-5"	"3.033"	"ENCODE--ChIP-seq"	"CREB3L2,SEH1L,ADAMTS12,LARP6,CLTC,ANXA2,FLNC,NEAT1,FRMD5,MALAT1,PKP4,CD151,MCC,ASPH,SEMA3C,MALT1,SPARC,BEX4,SLC44A1,ANKRD1,LOXL1,ARID5B,CCDC148,HSPA5,CLK1,LATS2,RABEP1,DDAH1,LUC7L2,RALA,NAP1L1,VIM"
"gene_set_query"	"4"	"0.0339"	"TCF12_SKNSH_HG19"	"TCF12"	"45"	"744"	"4.055E-7"	"5.6E-5"	"2.441"	"ENCODE--ChIP-seq"	"ADAMTS12,FLRT2,LARP6,MLLT11,MRC2,ANXA2,EMP3,LYPLAL1,FIGN,FLNC,RIC1,RNF145,NEAT1,FRMD5,S100A6,MALAT1,NPAS2,MCC,CDK6,PHACTR2,ASPH,SEMA3C,MALT1,TXNRD1,SPARC,ZMYND8,RUNX1,MXRA8,PTK2,SLC44A1,PTPRG,ANKRD1,RHOJ,PNPLA3,LOXL1,ARID5B,LTBP3,TSEN15,LRRFIP2,MMP2,DDAH1,MYH9,RALA,LAMB1,VIM"
"gene_set_query"	"5"	"0.04237"	"NR3C1_A549_HG19"	"NR3C1"	"78"	"1661"	"1.783E-6"	"1.97E-4"	"1.868"	"ENCODE--ChIP-seq"	"TES,RAPH1,SLC4A2,PSMD8,CREB3L2,EWSR1,PARD3,DDIT4,ATF6,FLRT2,PRDX1,ABCA1,TIPARP,ELL2,CLTC,ANXA2,FOS,PLCB4,PLIN2,TPK1,MSI2,LAMP1,TPM2,VRK2,NEAT1,S100A6,MALAT1,CD151,GLIS3,ITPR2,NRF1,OSBPL3,TNFRSF10B,MOB4,NBEA,EIF4G1,ETFA,PMEPA1,HMGCS1,GAPDH,NFAT5,SEMA3C,FBXL20,BICC1,KLF7,ZMYND8,ACTB,RUSC2,PDK1,SRRM2,ARL15,LIMCH1,CD109,TLN1,SCFD1,ZNF706,MICAL2,SLC44A1,MAP1LC3B,ANKRD1,ESYT2,POGZ,KCTD9,TBL1XR1,ARHGEF26,LTBP3,ZFP36L2,BPTF,HMGA2,TBCK,CAPRIN1,PHTF2,UPK3B,YWHAZ,LATS2,RABEP1,DDAH1,VIM"
"gene_set_query"	"6"	"0.05085"	"GATA3_SKNSH_HG19"	"GATA3"	"55"	"1054"	"2.44E-6"	"2.24E-4"	"2.087"	"ENCODE--ChIP-seq"	"GMFB,ATF6,ADAMTS12,FLRT2,CDK17,TIPARP,LARP6,ANXA2,FOS,LYPLAL1,FLNC,CHML,RNF145,IGFBP3,NEAT1,FRMD5,MALAT1,AAGAB,NPAS2,MCC,PTPRB,OGT,MMS22L,ASPH,SYF2,SEMA3C,MALT1,TXNRD1,AHNAK2,BICC1,SPARC,RUSC2,TNS1,RUNX1,TENM4,SLC44A1,PTPRG,ANKRD1,SH3RF2,LOXL1,FBXW11,ARID5B,USP53,LTBP3,HSPA5,HMGA2,GULP1,TSEN15,LRRFIP2,MMP2,DDAH1,PEAK1,RALA,UACA,VIM"
"gene_set_query"	"7"	"0.05932"	"MYOD1_MYOCYTE_MM9"	"MYOD1"	"116"	"2784"	"3.532E-6"	"2.79E-4"	"1.648"	"ENCODE--ChIP-seq"	"TFRC,RAPH1,SLC4A2,DIP2B,MEF2A,EID1,AR,PARD3,DDIT4,TMEM126B,CGGBP1,ATF3,SF1,SEH1L,NEDD4L,FAM221A,ZNF148,NDFIP2,CADM1,TIPARP,ELL2,MLLT11,MTMR10,LRRC1,MRC2,SH3BGRL3,DENND2A,MAMDC2,FOS,ANGPTL2,PLIN2,EXOC6,ASAH1,USO1,PELI2,ANKRD50,WWOX,FABP5,NPEPPS,LAMP1,MACROD2,MAP3K4,TPM2,NEAT1,MALAT1,PKP4,AAGAB,ENY2,GLIS3,OSBPL3,MOB4,VPS13C,ASPH,BMP2K,PPP1R12B,NFAT5,ACSS3,SEMA3C,FYN,GADD45GIP1,TXNRD1,PFKP,SPARC,CBLB,SRRM2,ACTN4,RUNX1,THAP4,SOAT1,EZR,OBSL1,PDE1C,NKAIN2,MICAL2,PYCR1,SNHG5,PTK2,CALM3,TENM4,SLC44A1,HIBADH,PPP3CA,MAP1LC3B,ZMYM4,ANKRD1,GAB2,RHOJ,VGLL3,PRICKLE1,COX5A,KANSL1L,RANBP1,SORT1,UBE2G2,PEX14,CHCHD3,LMO4,SLC30A1,TBL1XR1,SCG5,WDFY3,USP53,COBLL1,CHCHD10,AZIN1,AFDN,ACBD3,LRRFIP2,ARAP2,LATS2,DDAH1,IER5L,ATP1A1,UACA,CD9,TAF3"
"gene_set_query"	"8"	"0.0678"	"TCF7L2_HEK293_HG19"	"TCF7L2"	"82"	"1821"	"4.683E-6"	"3.23E-4"	"1.788"	"ENCODE--ChIP-seq"	"TES,SLC4A2,PSMD8,CREB3L2,AR,EWSR1,CGGBP1,ATF3,FLRT2,CDK17,TIPARP,FN1,GPR137B,CLTC,LRRC1,FOS,PLCB4,FIGN,CHML,AGK,RNF145,ETNK1,DACH1,FOXP2,MALAT1,AAGAB,MOB4,CDK6,CPD,OGT,DUSP10,VPS13C,NRG3,BMP2K,PPP1R12B,SEMA3C,LRP1,FBXL20,FYN,KLF7,KLF5,TMEM41B,ACTB,CSNK1E,THAP4,MGST3,CSTF3,NKAIN2,CALM3,SLC44A1,SIPA1L3,PTPRG,DHX15,VGLL3,EPS15,RANBP1,MTX3,SH3RF2,NDUFA11,KHSRP,LMO4,ARID5B,SLC30A1,COBLL1,HMGA2,AZIN1,GULP1,CLK1,DLG1,CPS1,BAMBI,ACBD3,PHTF2,DDX3X,SLC2A1,PEAK1,LUC7L2,LAMA3,IER5L,NAP1L1,FAM155A,VIM"
"gene_set_query"	"9"	"0.07627"	"GATA2_ENDOTHELIALCELLOFUMBILICALVEIN_HG19"	"GATA2"	"81"	"1809"	"6.375E-6"	"3.91E-4"	"1.777"	"ENCODE--ChIP-seq"	"GMFB,TES,RAPH1,ATP5IF1,PARD3,ATF6,FLRT2,CDK17,NDFIP2,MMP24,ANXA2,GSTO1,FOS,MGLL,SAMD5,FLNC,CHML,RNF145,APEX1,MAP3K4,IGFBP3,NEAT1,FRMD5,MALAT1,AAGAB,ENY2,ITPR2,NPAS2,M6PR,PTPRB,OGT,VPS13C,NRG3,SYF2,NFAT5,LEPROT,NLGN1,SEMA3C,NDUFB4,AHNAK2,SPARC,ZMYND8,FTH1,B2M,PDK1,ARL15,RUNX1,PPP1R3B,CD109,TLN1,MGST3,SCFD1,SNHG5,SLC44A1,PTPRG,SPTLC2,ANKRD1,CAP1,GAB2,ITFG1,RNF144B,RHOJ,PRICKLE1,EPS15,LOXL2,FBXW11,ARID5B,TBL1XR1,GPD2,AMPH,TBC1D12,CNTLN,UBE2H,HMGA2,SMAD5,LRRFIP2,LUC7L2,UACA,NAP1L1,CD9,VIM"
"gene_set_query"	"10"	"0.08475"	"NFIC_SKNSH_HG19"	"NFIC"	"35"	"587"	"8.783E-6"	"4.85E-4"	"2.404"	"ENCODE--ChIP-seq"	"SEH1L,ADAMTS12,TIPARP,MMP16,FLNC,ANKRD50,IGFBP5,NEAT1,FRMD5,FANCL,ASPH,GAPDH,SEMA3C,MALT1,SOAT1,MXRA8,STAG1,PTPRG,PPP3CA,ANKRD1,RNF144B,RHOJ,LOXL1,SCN9A,TBL1XR1,LTBP3,CNTLN,UBE2B,HMGA2,GULP1,LAMC1,MMP2,DDAH1,MYH9,VIM"
"gene_set_query"	"11"	"0.09322"	"PRDM1_HELAS3_HG19"	"PRDM1"	"68"	"1487"	"1.536E-5"	"7.71E-4"	"1.817"	"ENCODE--ChIP-seq"	"TES,TFRC,MEF2A,PARD3,ATF3,SF1,SEH1L,ADAMTS16,FLRT2,CDK17,RDX,CLTC,MZT2B,RNF169,DPYD,PELI2,FIGN,CLSTN2,FGF2,PHLDA2,S100A6,ERH,TNFRSF10B,CDK6,ETFA,DUSP10,MMS22L,ASPH,NFAT5,MAL2,TSPAN13,B2M,ARL15,TLN1,MGST3,CSTF3,SCFD1,PTK2,STAG1,C2CD3,LARP1B,SPTLC2,ZMYM4,DHX15,CBR1,CAMLG,RNF144B,VGLL3,MTX3,NDUFA11,CHCHD3,PPME1,LMO4,KCTD9,VCP,CAMTA1,UBE2H,HSPA5,TBCK,DIAPH3,LGALS3BP,DDX3X,LAMC1,LUC7L2,USP14,PDLIM7,S100PBP,NAP1L1"
"gene_set_query"	"12"	"0.1017"	"PBX3_A549_HG19"	"PBX3"	"84"	"1958"	"1.958E-5"	"7.81E-4"	"1.699"	"ENCODE--ChIP-seq"	"TFRC,SLC4A2,PSMD8,CREB3L2,MEF2A,SF1,CLTC,MRC2,FOS,PLCB4,GAS5,AGK,PTAR1,LAMP1,MACROD2,PHLDA2,TPM2,VRK2,FRMD5,MALAT1,AAGAB,UAP1,OSBPL3,OGT,DUSP10,HMGCS1,VPS13C,ASPH,SLC25A6,NFAT5,FYN,KLF5,CBLB,HERC3,RUSC2,ARL15,ACTN1,ZNF714,TLN1,PFN2,MBTD1,SNHG5,CALM3,FBXL7,SLC44A1,HIBADH,GDI2,PPP3CA,MAP1LC3B,SPTLC2,ZMYM4,ANKRD1,MLF2,PACS1,COX5A,EXOSC6,SORT1,MEGF9,POGZ,LMO4,CYBA,VCP,UBB,CAMTA1,TBC1D12,BPTF,HSPA5,UBE2B,CCDC137,SMAD5,AZIN1,CLK1,DIAPH3,BAMBI,CAPRIN1,PHTF2,DDX46,RABEP1,MYH9,NDUFS1,IER5L,UACA,S100PBP,VIM"
"gene_set_query"	"13"	"0.1102"	"FOS_ENDOTHELIALCELLOFUMBILICALVEIN_HG19"	"FOS"	"79"	"1814"	"1.982E-5"	"7.81E-4"	"1.726"	"ENCODE--ChIP-seq"	"GMFB,RAPH1,WLS,EWSR1,ATF6,SF1,SEH1L,EPB41L5,NDFIP2,NEBL,TIPARP,RDX,FN1,LARP6,CLTC,SH3BGRL3,TEX10,FOS,EXOC6,GAS5,WWOX,TPK1,CARD8,LAMP1,PHLDA2,VRK2,MALAT1,AAGAB,UAP1,BAG1,HMGCS1,NFAT5,SEMA3C,TMEM41B,ACTB,HERC3,RUSC2,PDK1,ACTN4,CSNK1E,RUNX1,SOAT1,CD109,TLN1,SCFD1,ZNF706,NBEAL1,STAG1,CALM3,PYROXD1,MAP1LC3B,ANKRD1,CAP1,RHOJ,SLC20A2,HSD17B2,SH3RF2,ESYT2,NDUFA11,KHSRP,AMPH,RTN3,ZFP36L2,UBB,COBLL1,HMGA2,CLK1,CAPRIN1,BMPR1B,PHTF2,HGSNAT,LATS2,DDAH1,LUC7L2,LAMA3,PRRG1,LAMB1,NAP1L1,VIM"
"gene_set_query"	"14"	"0.1186"	"BHLHE40_HEPG2_HG19"	"BHLHE40"	"87"	"2060"	"2.49E-5"	"9.16E-4"	"1.672"	"ENCODE--ChIP-seq"	"GMFB,SLC4A2,DIP2B,MEF2A,EWSR1,PARD3,DDIT4,RSU1,ABCA1,NEBL,TIPARP,CLTC,TEX10,FOS,PLIN2,LYPLAL1,USO1,PELI2,FABP5,LAMP1,MAP3K4,S100A6,ENY2,UAP1,M6PR,ETFA,HMGCS1,ASPH,PIK3C3,SLC25A6,NFAT5,SEMA3C,MALT1,FBXL20,TMEM41B,CBLB,RUSC2,B2M,TNS1,ACTN1,CSNK1E,CD109,MXRA8,EZR,MGST3,MBTD1,DYM,NBEAL1,CALU,SLC44A1,SIPA1L3,PTPRF,AKAP11,DHX15,TMED7,WARS,CAMLG,NCOA3,MLF2,SLC20A2,EXOSC6,MTX3,UBE2G2,PEX14,NDUFA11,CHCHD3,LMO4,ARID5B,KCTD9,TBC1D12,NDUFV1,CBX6,UBE2B,HMGA2,SMAD5,DOCK5,DDX3X,DDX46,YWHAZ,LATS2,RABEP1,NDUFS1,USP14,RALA,UACA,S100PBP,LAMB1"
"gene_set_query"	"15"	"0.1271"	"RFX5_SKNSH_HG19"	"RFX5"	"47"	"938"	"3.024E-5"	"9.82E-4"	"2.0"	"ENCODE--ChIP-seq"	"TES,DDIT4,SF1,RNF169,GRN,CLSTN2,PKP4,AAGAB,CPD,DUSP10,HMGCS1,FBXL20,ZMYND8,B2M,ARL15,SFRP1,SOAT1,ZNF714,MAP9,PYCR1,CALU,SLC44A5,HIBADH,PPP3CA,SPTLC2,KCNT2,PCNA,AKAP6,EPS15,SORT1,POGZ,ENPP2,LMO4,SLC30A1,KCTD9,TBL1XR1,VCP,CCDC148,UBB,CAMTA1,UBE2H,CBX6,AZIN1,CPS1,DDX3X,YWHAZ,ATP1A1"
"gene_set_query"	"16"	"0.1356"	"E2F1_HELAS3_HG19"	"E2F1"	"79"	"1854"	"3.944E-5"	"0.00121"	"1.687"	"ENCODE--ChIP-seq"	"GMFB,RAPH1,PRKACB,MEF2A,PARD3,NEDD4L,HLCS,ZNF148,NETO2,HRK,MTMR10,ANXA2,EMP2,MZT2B,AGK,IPO7,PTAR1,LAMP1,PHLDA2,IGFBP3,MALAT1,AAGAB,FANCL,LSM7,MMS22L,ASPH,DSG2,SEMA3C,MALT1,MAL2,KLF5,TMEM41B,FTH1,B2M,LIMCH1,ACTN1,ACTN4,SOAT1,MGST3,CSTF3,ZNF706,DYM,SNHG5,STAG1,CALU,CALM3,C2CD3,SLC44A1,SPTLC2,DHX15,GAB2,PACS1,VGLL3,GREB1L,COX5A,RANBP1,SORT1,ESYT2,MEGF9,CHCHD3,RTN3,COBLL1,CNTLN,HMGA2,AZIN1,CLK1,PHTF2,DDX3X,DDX46,TSEN15,CHD7,ARAP2,SPIDR,PEAK1,MYH9,LAMA3,NT5DC1,NAP1L1,DEK"
"gene_set_query"	"17"	"0.1441"	"CEBPD_K562_HG19"	"CEBPD"	"35"	"638"	"4.732E-5"	"0.00137"	"2.2"	"ENCODE--ChIP-seq"	"TFRC,EID1,DDIT4,RDX,MLLT11,FOS,TPK1,OSBPL3,CDK6,OGT,ETFA,ACTB,FTH1,ARL15,ACTN1,CSTF3,SCFD1,ZNF706,SNHG5,HIBADH,MAP1LC3B,CTSH,WARS,SLC20A2,STEAP3,ACTG1,SCN9A,UBB,HSPA5,AZIN1,GULP1,BAMBI,TSEN15,PDLIM7,S100PBP"
"gene_set_query"	"18"	"0.1525"	"FOSL2_SKNSH_HG19"	"FOSL2"	"25"	"412"	"1.094E-4"	"0.00298"	"2.449"	"ENCODE--ChIP-seq"	"PSMD2,ATF3,PEA15,ANXA2,EMP3,FLNC,TPM2,FRMD5,CD151,MCC,ASPH,SEMA3C,RUNX1,EZR,SCFD1,ANKRD1,LOXL1,LTBP3,HSPA5,AZIN1,LAMC1,HGSNAT,MYH9,RALA,VIM"
"gene_set_query"	"19"	"0.161"	"FOXA2_A549_HG19"	"FOXA2"	"57"	"1276"	"1.134E-4"	"0.00298"	"1.773"	"ENCODE--ChIP-seq"	"PSMD8,NCKAP5,CLNS1A,ATF6,TIPARP,MTMR10,CLTC,PLCB4,AGK,RNF145,ETNK1,CHRM3,PNISR,MITF,S100A6,MALAT1,AAGAB,GLIS3,BAG1,TNFRSF10B,OGT,SUMO1,ASPH,NFAT5,SEMA3C,TXNRD1,BICC1,KLF5,ZMYND8,CBLB,FTH1,ACTN4,CD109,TLN1,C2CD3,HIBADH,SH3KBP1,MAP1LC3B,WARS,NCOA3,SLC20A2,NAPG,EXOSC6,ESYT2,POGZ,USP53,UBB,UBE2B,BAMBI,COL5A2,LATS2,NDUFS1,LUC7L2,IER5L,LAMB1,DEK,ERCC6"
"gene_set_query"	"20"	"0.1695"	"CTCF_SKINFIBROBLAST_HG19"	"CTCF"	"75"	"1809"	"1.287E-4"	"0.00323"	"1.64"	"ENCODE--ChIP-seq"	"GMFB,RAPH1,PSMD8,WLS,CLNS1A,ATF6,CGGBP1,FAM124A,HLCS,ZNF148,CDK17,CADM1,RDX,NETO2,MLLT11,CLTC,SH3BGRL3,MYOF,EMP2,PELI2,TPK1,FABP5,RIMS1,PTAR1,VRK2,FRMD5,PKP4,ROR1,AAGAB,GLIS3,NRF1,FANCL,OSBPL3,NBEA,MOXD1,BMP2K,SLC25A4,SLC25A6,SEMA3C,FYN,ANKRD30B,TXNRD1,SYT14,BICC1,MDGA1,TNS1,SOAT1,EZR,CSTF3,PTK2,STAG1,FBXL7,PYROXD1,PPP3CA,NCOA3,RGS7BP,GREB1L,SORT1,PPME1,SLC30A1,WDFY3,COBLL1,NDUFV1,SPECC1,BMP6,RALYL,DDX46,TSEN15,LATS2,PEAK1,UACA,NT5DC1,SPOCK1,S100PBP,ZNF804A"
"gene_set_query"	"21"	"0.178"	"MAFK_H1HESC_HG19"	"MAFK"	"75"	"1813"	"1.371E-4"	"0.00329"	"1.636"	"ENCODE--ChIP-seq"	"GMFB,PSMD8,PSMD2,DKK3,EID1,EWSR1,CLNS1A,SF1,ADAMTS12,HLCS,TIPARP,RDX,ELL2,CLTC,GSTO1,FOS,GAS5,NRAS,ANKRD50,CARD8,FABP5,LAMP1,MALAT1,ROR1,AAGAB,NRF1,M6PR,MOB4,PIK3C3,ACSS3,MALT1,TXNRD1,KLF7,TMEM41B,ACTB,PDK1,SRRM2,MXRA8,MGST3,SCFD1,DYM,NTNG1,XRCC6,NBEAL1,SNHG5,STAG1,SLC44A1,HIBADH,PYROXD1,GDI2,KCNT2,CAP1,CBR1,AKAP6,EXOSC6,RANBP1,SH3RF2,ACTG1,LMO4,KCTD9,SCG5,VCP,CAMTA1,CNTLN,CBX6,CCDC137,CLK1,RALYL,SLC2A1,ARAP2,LUC7L2,CREB5,USP14,ATP1A1,VIM"
"gene_set_query"	"22"	"0.1864"	"MYC_MCF7_HG19"	"MYC"	"163"	"4598"	"2.409E-4"	"0.00554"	"1.393"	"ENCODE--ChIP-seq"	"TES,TFRC,RAPH1,PSMD2,DIP2B,ANKS1B,MEF2A,EID1,CLNS1A,DDIT4,TMEM126B,ATF6,CGGBP1,SF1,NCSTN,RSU1,ZNF148,NDFIP2,EDEM1,NETO2,ELL2,GPR137B,LARP6,PRXL2A,CLTC,SH3BGRL3,ANXA2,TEX10,RNF169,GAS5,GRN,PELI2,SDAD1,WWOX,TPK1,MGMT,ETNK1,IPO7,PTAR1,LAMP1,MTREX,MACROD2,PHLDA2,MAP3K4,PNISR,VRK2,NEAT1,FOXP2,S100A6,ROR1,AAGAB,DSC2,CD151,NRF1,FANCL,M6PR,LSM7,EIF4G1,ETFA,VPS13C,NT5C3A,ASPH,PPP1R12B,SLC25A4,SLC25A6,NFAT5,PPM1L,FYN,GADD45GIP1,MFSD14C,B2M,SRRM2,ACTN1,SOAT1,BEX4,MGST3,NKAIN2,SCFD1,ZNF706,DYM,STXBP6,RABGAP1L,XRCC6,NBEAL1,SNHG5,PTK2,STAG1,MYO5B,CALU,PTPRS,C2CD3,HIBADH,PYROXD1,SIPA1L3,PTPRF,LARP1B,PTPRG,MAP1LC3B,AKAP11,DHX15,TMED7,CBR1,CAMLG,NCOA3,GAB2,ITFG1,MLF2,RNF144B,PACS1,COX5A,EXOSC6,UBE2G2,PEX14,MEGF9,NDUFA11,CHCHD3,PPME1,KHSRP,SCN9A,POGZ,LMO4,FBXW11,KCTD9,SCG5,VCP,USP53,ARHGEF26,UBB,SPECC1,UBE2H,UBE2B,CCDC137,SMAD5,CLK1,RALYL,DIAPH3,ACBD3,DOCK5,PHTF2,DDX3X,TSEN15,LAMC1,LRRFIP2,HGSNAT,YWHAZ,LATS2,RABEP1,PEAK1,MYH9,NDUFS1,LUC7L2,USP14,RALA,PARG,LAMA3,ATP1A1,NT5C2,UACA,SPOCK1,ZNF804A,NAP1L1,ERCC6,TAF3"
"gene_set_query"	"23"	"0.1949"	"ZNF217_MCF7_HG19"	"ZNF217"	"60"	"1423"	"3.338E-4"	"0.00709"	"1.669"	"ENCODE--ChIP-seq"	"CYFIP2,GMFB,TES,TMEM126B,ATF6,ZNF148,ABCA1,NEBL,TIPARP,RDX,EXOC6B,MLLT11,PRXL2A,ANXA2,EMP2,FOS,PLCB4,MMP16,SDAD1,NRAS,RNF145,FABP5,NEAT1,MALAT1,PKP4,ENY2,FANCL,NBEA,ETFA,PARD3B,SYF2,SEMA3C,MAL2,AHNAK2,SYT11,ZMYND8,CBLB,TNS1,OBSL1,SCFD1,SLC44A1,ANKRD1,NCOA3,NAALADL2,MLF2,MFGE8,SH3RF2,USP53,CCDC148,TBC1D12,HSPA5,HMGA2,TBCK,LAMC1,UPK3B,YWHAZ,LUC7L2,RALA,IER5L,VIM"
"gene_set_query"	"24"	"0.2034"	"REST_MYOCYTE_MM9"	"REST"	"73"	"1816"	"3.553E-4"	"0.00726"	"1.588"	"ENCODE--ChIP-seq"	"PSMD2,RC3H1,EID1,EWSR1,CLNS1A,TMEM126B,CGGBP1,SF1,SEH1L,CADM1,TIPARP,ELL2,MLLT11,SH3BGRL3,PLIN2,GAS5,LYPLAL1,ASAH1,AGK,APEX1,ETNK1,PTAR1,MAP3K4,TPM2,NEAT1,MALAT1,NRF1,BAG1,MOB4,EIF4G1,PMEPA1,METTL25,SLC25A4,GADD45GIP1,SYT14,KLF5,HERC2,B2M,SRRM2,ACTN1,CALU,HIBADH,MAP1LC3B,DHX15,PCNA,PRICKLE1,EXOSC6,RANBP1,UBE2G2,PEX14,ESYT2,ACTG1,PPME1,KHSRP,SCG5,WDFY3,USP53,ZFP36L2,UBB,SPECC1,HSPA5,UBE2B,BAMBI,CAPRIN1,ACBD3,PHTF2,DDX3X,DDX46,LUC7L2,IER5L,ATP1A1,NT5DC1,TAF3"
"gene_set_query"	"25"	"0.2119"	"E2F4_K562_HG19"	"E2F4"	"73"	"1847"	"5.528E-4"	"0.0105"	"1.56"	"ENCODE--ChIP-seq"	"RAPH1,CREB3L2,EID1,CLNS1A,TMEM126B,SF1,SEH1L,EPB41L5,FLNC,RIC1,APEX1,PTAR1,LAMP1,NEAT1,ENY2,UAP1,OSBPL3,LSM7,ETFA,SUMO1,VPS13C,NT5C3A,DSG2,SLC25A4,SLC25A6,LEPROT,MALT1,FBXL20,TMEM41B,HERC3,ACTN4,TLN1,CSTF3,ZNF706,DYM,CALU,CALM3,HIBADH,GDI2,LARP1B,PPP3CA,MAP1LC3B,AKAP11,SPTLC2,CTSH,CAMLG,NCOA3,MFGE8,RELN,SORT1,PEX14,ESYT2,ACTG1,CHCHD3,SCN9A,FBXW11,UBB,NDUFV1,CBX6,HSPA5,UBE2B,CCDC137,DLG1,DIAPH3,DDX46,TSEN15,HGSNAT,USP14,RALA,IER5L,NT5DC1,PDLIM7,TAF3"
"gene_set_query"	"26"	"0.2203"	"EGR1_ECC1_HG19"	"EGR1"	"83"	"2158"	"5.787E-4"	"0.0106"	"1.516"	"ENCODE--ChIP-seq"	"TFRC,RAPH1,PSMD8,CREB3L2,MEF2A,DDIT4,SF1,SEH1L,NEDD4L,HLCS,RDX,GPR137B,CLTC,LRRC1,MRC2,TEX10,EMP2,MZT2B,GAS5,USO1,ANKRD50,CARD8,RNF145,APEX1,LAMP1,MACROD2,PNISR,MALAT1,ERH,CD151,UAP1,NRF1,EIF4G1,VPS13C,SLC25A4,GAPDH,SLC25A6,NFAT5,SEMA3C,MALT1,KLF5,RUSC2,ACTN1,THAP4,EZR,MGST3,CSTF3,ZNF706,PYCR1,PTK2,STAG1,PTPRS,C2CD3,HIBADH,MAP1LC3B,AKAP11,TMED7,CAMLG,ITFG1,MLF2,PACS1,MFGE8,PRICKLE1,COX5A,RANBP1,ESYT2,ACTG1,PPME1,FBXW11,TBL1XR1,ARHGEF26,CAMTA1,HMGA2,CLK1,LAMC1,HGSNAT,ARAP2,RABEP1,ATP1A1,NT5C2,UACA,PDLIM7,TAF3"
"gene_set_query"	"27"	"0.2288"	"MAZ_MELCELLLINE_MM9"	"MAZ"	"69"	"1766"	"9.815E-4"	"0.0159"	"1.541"	"ENCODE--ChIP-seq"	"PRKACB,MEF2A,RC3H1,DDIT4,CDK17,TIPARP,EXOC6B,LRRC1,ANXA2,TEX10,EMP3,FOS,ASAH1,GRN,USO1,NRAS,ANKRD50,AGK,MSI2,MITF,GLIS2,OSBPL3,MOB4,METTL25,GAPDH,NFAT5,MALT1,FBXL20,TSPAN13,SYT11,ACTB,CSNK1E,SOAT1,MXRA8,PFN2,MGST3,RABGAP1L,STAG1,SLC44A1,PPP3CA,MAP1LC3B,CAP1,CBR1,WARS,GAB2,MLF2,PACS1,KANSL1L,PEX14,POGZ,SLC30A1,TBL1XR1,WDFY3,BPTF,UBE2H,CBX6,UBE2B,SMAD5,TBCK,DLG1,PAN3,SLC2A1,LAMC1,RABEP1,USP14,RALA,ATP1A1,PRRG1,VIM"
"gene_set_query"	"28"	"0.2373"	"JUN_ENDOTHELIALCELLOFUMBILICALVEIN_HG19"	"JUN"	"39"	"877"	"0.00117"	"0.0184"	"1.764"	"ENCODE--ChIP-seq"	"ATF3,FLRT2,ELL2,ANXA2,GSTO1,EMP3,EXOC6,GAS5,FAM49A,NEAT1,FRMD5,CD151,PTPRB,ASPH,ACSS3,SEMA3C,SYT11,SPARC,RUSC2,CD109,NBEAL1,SLC44A1,ANKRD1,GAB2,RHOJ,PNPLA3,ESYT2,ARID5B,COBLL1,CAMTA1,UBE2H,HSPA5,DIAPH3,LAMC1,LRRFIP2,SFTA1P,DDAH1,LUC7L2,VIM"
"gene_set_query"	"29"	"0.2458"	"RXRA_SKNSH_HG19"	"RXRA"	"10"	"121"	"0.001261"	"0.0193"	"3.415"	"ENCODE--ChIP-seq"	"ABCA1,ANXA2,FLNC,PNISR,NEAT1,NPAS2,SLC44A1,LTBP3,DDAH1,VIM"
"gene_set_query"	"30"	"0.2542"	"ZNF263_HEK293_HG19"	"ZNF263"	"69"	"1830"	"0.00225"	"0.0296"	"1.485"	"ENCODE--ChIP-seq"	"FRMPD4,RAPH1,SLC4A2,ATP5IF1,ANKS1B,WLS,CLNS1A,CGGBP1,ADAMTS16,HLCS,ZNF148,ABCA1,CADM1,TIPARP,RDX,MLLT11,PRXL2A,CLTC,GRN,USO1,TPK1,AGK,RNF145,APEX1,AAGAB,ENY2,NRF1,FANCL,CDK6,CPD,ETFA,NT5C3A,PPM1L,FBXL20,KLF7,MFSD14C,KLF5,SYT11,SPARC,PDK1,SRRM2,ACTN4,OBSL1,MBTD1,SIPA1L3,SPTLC2,RNF144B,VGLL3,COX5A,SORT1,STEAP3,LOXL1,SCN9A,LMO4,KAZN,WDFY3,LTBP3,NDUFV1,CNTLN,HSPA5,UBE2B,CCDC137,ACBD3,PHTF2,DDX46,ARAP2,UPK3B,USP14,TAF3"
"gene_set_query"	"31"	"0.2627"	"E2F6_H1HESC_HG19"	"E2F6"	"68"	"1802"	"0.002347"	"0.0296"	"1.487"	"ENCODE--ChIP-seq"	"TES,EID1,CLNS1A,EPB41L5,HLCS,NDFIP2,NETO2,LYPD6B,TEX10,PRSS12,GRN,SDAD1,TPK1,AGK,LAMP1,MTREX,TPM2,IGFBP3,ERH,ROR1,FANCL,CPD,ITGA11,EIF4G1,ETFA,SUMO1,HMGCS1,VPS13C,MMS22L,SLC25A4,BICC1,KLF5,HERC3,SRRM2,INPP4B,SOAT1,PDE1C,MGST3,DYM,MAP9,STAG1,CALU,HIBADH,PYROXD1,AKAP11,CTSH,CBR1,CNKSR2,MFGE8,VGLL3,PCNA,RANBP1,STEAP3,PPME1,AMPH,CCDC148,COBLL1,CNTLN,UBE2B,CCDC137,CLK1,RALYL,DIAPH3,FGF13,DDX46,LUC7L2,UACA,DEK"
"gene_set_query"	"32"	"0.2712"	"JUND_HEPG2_HG19"	"JUND"	"102"	"2889"	"0.002362"	"0.0296"	"1.387"	"ENCODE--ChIP-seq"	"TFRC,RAPH1,PSMD8,EWSR1,CLNS1A,DDIT4,ATF6,ATF3,EPB41L5,ZNF148,CADM1,NEBL,FN1,EXOC6B,ELL2,MLLT11,CLTC,LRRC1,EMP2,FOS,MZT2B,PLIN2,GAS5,ASAH1,GRN,NRAS,WWOX,ETNK1,IPO7,NPEPPS,LAMP1,VRK2,MALAT1,AAGAB,UAP1,FANCL,TNFRSF10B,DUSP10,ASPH,PIK3C3,GAPDH,NFAT5,MFSD14C,TMEM41B,ZMYND8,ACTB,HERC2,RUSC2,FTH1,PDK1,SRRM2,ARL15,CD109,TLN1,CSTF3,SCFD1,XRCC6,NBEAL1,SNHG5,STAG1,PTPRS,HIBADH,SIPA1L3,MAP1LC3B,ANKRD1,TMED7,CAMLG,NCOA3,MLF2,PCNA,COX5A,EXOSC6,EPS15,PNPLA3,ESYT2,NDUFA11,ACTG1,LMO4,CYBA,RTN3,VCP,UBB,NDUFV1,UBE2H,HSPA5,UBE2B,AZIN1,CLK1,TBCK,DIAPH3,LGALS3BP,DDX46,TSEN15,LRRFIP2,HGSNAT,LATS2,LUC7L2,USP14,PARG,IER5L,ATP1A1,S100PBP"
"gene_set_query"	"33"	"0.2797"	"FOSL1_K562_HG19"	"FOSL1"	"34"	"773"	"0.002645"	"0.0317"	"1.744"	"ENCODE--ChIP-seq"	"TES,DDIT4,ATF3,PRDX1,CLTC,ANXA2,GSTO1,EMP3,MZT2B,FLNC,TPK1,LAMP1,PHLDA2,TPM2,NEAT1,LRP1,AHNAK2,EZR,MGST3,NBEAL1,GAB2,EPS15,RANBP1,LOXL1,CAMTA1,CBX6,HSPA5,AZIN1,DDX3X,HGSNAT,HKDC1,NT5C2,PDLIM7,VIM"
"gene_set_query"	"34"	"0.2881"	"USF2_HEPG2_HG19"	"USF2"	"68"	"1816"	"0.002785"	"0.0327"	"1.475"	"ENCODE--ChIP-seq"	"GMFB,DIP2B,EWSR1,TMEM126B,ABCA1,CLTC,LRRC1,TEX10,PLIN2,GAS5,LYPLAL1,GRN,NRAS,APEX1,ETNK1,IPO7,LAMP1,NEAT1,S100A6,FANCL,M6PR,CPD,EIF4G1,ETFA,HMGCS1,PPP1R12B,GAPDH,NFAT5,ACSS3,MAL2,RUSC2,SRRM2,SOAT1,BEX4,DYM,XRCC6,SNHG5,CALU,LARP1B,PTPRG,MAP1LC3B,TMED7,CAP1,WARS,CAMLG,COX5A,EXOSC6,MTX3,SH3RF2,MEGF9,NDUFA11,ACTG1,CYBA,KCTD9,VCP,NDUFV1,CNTLN,CBX6,UBE2B,CLK1,CPS1,COL5A2,LGALS3BP,YWHAZ,LATS2,RABEP1,ATP1A1,ERCC6"
"gene_set_query"	"35"	"0.2966"	"FOXA1_HEPG2_HG19"	"FOXA1"	"76"	"2074"	"0.002926"	"0.0332"	"1.442"	"ENCODE--ChIP-seq"	"GMFB,EWSR1,CLNS1A,PARD3,TMEM126B,ATF6,NEDD4L,ZNF148,ABCA1,CDK17,CADM1,TIPARP,GSTO1,FOS,PLIN2,USO1,PELI2,FIGN,MGMT,CARD8,RNF145,PROS1,MACROD2,MAP3K4,PNISR,MITF,NEAT1,FOXP2,AAGAB,ITPR2,UAP1,BAG1,TNFRSF10B,DUSP10,ASPH,NFAT5,ACSS3,MALT1,KLF7,KLF5,ZMYND8,CBLB,RUSC2,CD109,TLN1,OBSL1,MBTD1,SLC44A1,HIBADH,SH3KBP1,LARP1B,ANKRD1,NAALADL2,RNF144B,MFGE8,SLC20A2,NAPG,HSD17B2,EPS15,CHCHD3,SLC30A1,CYBA,KCTD9,RTN3,ZFP36L2,UBB,COBLL1,BPTF,UBE2B,HMGA2,LRRFIP2,HGSNAT,MMP2,LUC7L2,DEK,ERCC6"
"gene_set_query"	"36"	"0.3051"	"TFAP2C_HELAS3_HG19"	"TFAP2C"	"68"	"1822"	"0.002994"	"0.0332"	"1.47"	"ENCODE--ChIP-seq"	"GMFB,TES,TFRC,RAPH1,EID1,CLNS1A,DDIT4,TMEM126B,SEH1L,HLCS,RDX,ANXA2,MYOF,EMP3,NRAS,TPK1,PHLDA2,NEAT1,S100A6,MALAT1,ITPR2,TNFRSF10B,VPS13C,PARD3B,ASPH,DSG2,GAPDH,SEMA3C,MALT1,RUSC2,B2M,PDK1,CSNK1E,TLN1,OBSL1,MGST3,CSTF3,MBTD1,PTK2,HIBADH,SIPA1L3,LARP1B,MAP1LC3B,AKAP11,ANKRD1,TMED7,COX5A,RANBP1,ESYT2,MEGF9,LOXL2,TBL1XR1,USP53,HSPA5,UBE2B,DIAPH3,PAN3,BAMBI,CAPRIN1,DOCK5,HGSNAT,SPIDR,LATS2,RABEP1,NT5DC1,S100PBP,LAMB1,VIM"
"gene_set_query"	"37"	"0.3136"	"BACH1_K562_HG19"	"BACH1"	"67"	"1814"	"0.003962"	"0.0406"	"1.454"	"ENCODE--ChIP-seq"	"TFRC,SLC4A2,MEF2A,EWSR1,ATF6,NDFIP2,TIPARP,EDEM1,GPI,CLTC,SH3BGRL3,ANXA2,EMP3,FOS,MZT2B,ASAH1,SDAD1,WWOX,TPK1,CARD8,RNF145,IPO7,PHLDA2,PNISR,VRK2,MALAT1,AAGAB,TNFRSF10B,OGT,HMGCS1,VPS13C,PPP1R12B,SLC25A4,GAPDH,NFAT5,TMEM41B,ZMYND8,CBLB,ACTB,ARL15,SOAT1,ZNF714,MGST3,CSTF3,MBTD1,CALU,HIBADH,SIPA1L3,MAP1LC3B,DHX15,TMED7,CAP1,CBR1,COX5A,EXOSC6,ACTG1,CHCHD3,ARID5B,SPECC1,SMAD5,GULP1,CLK1,CAPRIN1,SLC2A1,USP14,PDLIM7,S100PBP"
"gene_set_query"	"38"	"0.322"	"USF1_C2C12_MM9"	"USF1"	"64"	"1719"	"0.003974"	"0.0406"	"1.466"	"ENCODE--ChIP-seq"	"GMFB,DIP2B,WLS,CLNS1A,TMEM126B,SEH1L,RSU1,CLTC,TEX10,ANGPTL2,PLIN2,GRN,USO1,SDAD1,NRAS,APEX1,IPO7,LAMP1,MTREX,PNISR,MITF,NEAT1,S100A6,M6PR,EIF4G1,BMP2K,GAPDH,PPM1L,ZMYND8,SCAPER,ACTN1,RUNX1,MBTD1,DYM,MICAL2,PTPRS,PYROXD1,GDI2,SIPA1L3,MAP1LC3B,AKAP11,CAP1,PCNA,SLC20A2,COX5A,KANSL1L,MTX3,MEGF9,ACTG1,CHCHD3,KHSRP,KCTD9,VCP,COBLL1,NDUFV1,BPTF,SPECC1,CBX6,UBE2B,HMGA2,DLG1,DDX3X,LATS2,RABEP1"
"gene_set_query"	"39"	"0.3305"	"RELA_GM12891_HG19"	"RELA"	"68"	"1852"	"0.004254"	"0.0414"	"1.445"	"ENCODE--ChIP-seq"	"ATP5IF1,PSMD8,MEF2A,CLNS1A,TMEM126B,SF1,SEH1L,NEDD4L,NCSTN,RSU1,CDK17,CADM1,EDEM1,RDX,MLLT11,CLTC,EMP3,PLIN2,GAS5,NRAS,RIC1,CARD8,PHLDA2,MAP3K4,PNISR,VRK2,MALAT1,MOB4,DUSP10,SLC25A6,NFAT5,MALT1,GADD45GIP1,TMEM41B,FTH1,B2M,TLN1,BEX4,CSTF3,ZNF706,SLAMF7,RABGAP1L,SNHG5,STAG1,CALM3,C2CD3,GDI2,MAP1LC3B,DHX15,MLF2,ACTG1,PPME1,CYBA,TBL1XR1,RTN3,ZFP36L2,UBB,CAMTA1,TBC1D12,UBE2H,CBX6,PAN3,ACBD3,DDX3X,SLC2A1,RALA,ZNF804A,NAP1L1"
"gene_set_query"	"40"	"0.339"	"CEBPB_A549_HG19"	"CEBPB"	"91"	"2605"	"0.004707"	"0.0433"	"1.372"	"ENCODE--ChIP-seq"	"ATP5IF1,PSMD8,EID1,DDIT4,TMEM126B,ATF6,NCSTN,HLCS,RSU1,ZNF148,CDK17,FN1,EXOC6B,MLLT11,PRXL2A,CLTC,MRC2,PLCB4,GAS5,LYPLAL1,RIC1,TPK1,AGK,RNF145,ETNK1,IPO7,PNISR,NEAT1,S100A6,MALAT1,FANCL,TNFRSF10B,OGT,DUSP10,SUMO1,ASPH,SYF2,PPP1R12B,NLGN1,SEMA3C,MAL2,FYN,BICC1,KLF7,KLF5,SYT11,TMEM41B,RUSC2,ARL15,ACTN1,SOAT1,CD109,TLN1,MGST3,ZNF706,XRCC6,PYCR1,SNHG5,C2CD3,SH3KBP1,PTPRG,PPP3CA,MAP1LC3B,ZMYM4,ANKRD1,CAP1,PCNA,COX5A,ESYT2,NDUFA11,PPME1,KHSRP,POGZ,LMO4,ARID5B,RTN3,ZFP36L2,UBB,UBE2B,HMGA2,GULP1,CLK1,PHTF2,TSEN15,CHD7,HGSNAT,PEAK1,LUC7L2,PDLIM7,S100PBP,VIM"
"gene_set_query"	"41"	"0.3475"	"IRF1_K562_HG19"	"IRF1"	"139"	"4204"	"0.005099"	"0.0454"	"1.296"	"ENCODE--ChIP-seq"	"TES,TFRC,ATP5IF1,PSMD8,PSMD2,MEF2A,EID1,EWSR1,CLNS1A,DDIT4,SF1,SEH1L,EPB41L5,ZNF148,ABCA1,NDFIP2,TIPARP,EXOC6B,ELL2,MLLT11,CLTC,TEX10,FOS,MZT2B,DPYD,PLIN2,LYPLAL1,GRN,SDAD1,TPK1,AGK,RNF145,FABP5,APEX1,ETNK1,LPCAT2,FGF2,PTAR1,LAMP1,MAP3K4,MALAT1,AAGAB,ENY2,UAP1,NRF1,TNFRSF10B,LSM7,CDK6,CPD,EIF4G1,DUSP10,SUMO1,VPS13C,DSG2,SLC25A4,FBXL20,GADD45GIP1,TXNRD1,AHNAK2,TSPAN13,SYT11,PFKP,TMEM41B,RUSC2,FTH1,B2M,PDK1,SRRM2,ACTN1,SOAT1,ZNF714,MXRA8,TLN1,EZR,BEX4,CSTF3,SCFD1,STXBP6,MICAL2,SNHG5,CALU,CALM3,C2CD3,HIBADH,GDI2,SIPA1L3,MAP1LC3B,DHX15,CTSH,TMED7,WARS,CAMLG,MLF2,MFGE8,PCNA,SLC20A2,COX5A,NAPG,EXOSC6,RANBP1,PEX14,PNPLA3,MEGF9,STEAP3,ACTG1,KHSRP,SCN9A,POGZ,LMO4,FBXW11,CYBA,VCP,USP53,CCDC148,ZFP36L2,NDUFV1,UBE2B,CCDC137,CHCHD10,SMAD5,DLG1,DIAPH3,CPS1,BAMBI,FGF13,ACBD3,LGALS3BP,PHTF2,DDX3X,DDX46,LRRFIP2,HGSNAT,YWHAZ,RABEP1,USP14,RALA,IER5L,ATP1A1,ERCC6"
"gene_set_query"	"42"	"0.3559"	"KDM5B_H1HESC_HG19"	"KDM5B"	"67"	"1846"	"0.005698"	"0.0491"	"1.428"	"ENCODE--ChIP-seq"	"GMFB,TFRC,FRMPD4,ATP5IF1,EWSR1,NDFIP2,EXOC6B,CLTC,RIC1,PLXDC2,FABP5,APEX1,ETNK1,IPO7,TPM2,VRK2,FOXP2,ERH,ROR1,ITPR2,GLIS2,NBEA,CPD,MOXD1,IL1RAPL1,GAPDH,PPM1L,ARL15,TLN1,STXBP6,SNHG5,STAG1,GDI2,LARP1B,PPP3CA,CBR1,PACS1,RHOJ,MFGE8,GREB1L,COX5A,MTX3,UBE2G2,ESYT2,LOXL2,FBXW11,WDFY3,USP53,UBE2H,HSPA5,HMGA2,AZIN1,GULP1,RALYL,PAN3,DOCK5,PHTF2,TSEN15,LAMC1,LRRFIP2,LATS2,RALA,NT5C2,UACA,NT5DC1,DEK,CD9"
"gene_set_query"	"43"	"0.3644"	"ZKSCAN1_HELAS3_HG19"	"ZKSCAN1"	"67"	"1857"	"0.006428"	"0.0508"	"1.419"	"ENCODE--ChIP-seq"	"GMFB,TES,SLC4A2,PSMD2,CLNS1A,CGGBP1,SF1,MLLT11,EMP2,LYPLAL1,PELI2,SDAD1,TPK1,APEX1,ETNK1,MITF,AAGAB,FANCL,LSM7,EIF4G1,ETFA,SLC25A4,GAPDH,FBXL20,FYN,TXNRD1,ACTN1,EZR,CSTF3,SCFD1,DYM,XRCC6,GDI2,SIPA1L3,TMED7,CAMLG,MLF2,SLC20A2,GREB1L,NAPG,UBE2G2,PEX14,ESYT2,NDUFA11,CHCHD3,KIRREL1,FBXW11,ZFP36L2,TBC1D12,FAM83B,SPECC1,UBE2H,CCDC137,SMAD5,BAMBI,CAPRIN1,LGALS3BP,PHTF2,DDX46,TSEN15,LRRFIP2,RALA,IER5L,ATP1A1,SPOCK1,PDLIM7,CD9"
"gene_set_query"	"44"	"0.3729"	"TAL1_K562_HG19"	"TAL1"	"66"	"1825"	"0.006443"	"0.0508"	"1.422"	"ENCODE--ChIP-seq"	"SLC4A2,PSMD8,DIP2B,MEF2A,EID1,CLNS1A,TMEM126B,ATF6,SF1,NDFIP2,EDEM1,MZT2B,GRN,USO1,SDAD1,NRAS,WWOX,TPK1,CARD8,ETNK1,PTAR1,LAMP1,PHLDA2,ENY2,FANCL,OSBPL3,LSM7,CDK6,CPD,VPS13C,NT5C3A,MMS22L,PPP1R12B,SLC25A6,GADD45GIP1,TMEM41B,ZMYND8,FTH1,ACTN1,ACTN4,SCFD1,STAG1,SIPA1L3,DHX15,CTSH,NCOA3,PCNA,SLC20A2,PEX14,PPME1,FBXW11,KCTD9,RTN3,TBC1D12,NDUFV1,SPECC1,UBE2H,CCDC137,BAMBI,ACBD3,PHTF2,TSEN15,LATS2,RABEP1,MYH9,IER5L"
"gene_set_query"	"45"	"0.3814"	"ZBTB7A_HEPG2_HG19"	"ZBTB7A"	"63"	"1735"	"0.006925"	"0.0538"	"1.428"	"ENCODE--ChIP-seq"	"PSMD2,DIP2B,PRKACB,PARD3,EPB41L5,HLCS,CDK17,RDX,FN1,MLLT11,CLTC,LRRC1,TEX10,EMP2,PLIN2,ECHS1,AGK,NPEPPS,NEAT1,ITPR2,LSM7,CDK6,VPS13C,SYF2,SLC25A4,NFAT5,FYN,GADD45GIP1,RUSC2,FTH1,SOAT1,EZR,PFN2,MBTD1,SCFD1,NBEAL1,PYCR1,STAG1,LARP1B,MAP1LC3B,ZMYM4,NCOA3,EXOSC6,RANBP1,ACTG1,SCN9A,ZFP36L2,UBB,CCDC137,HMGA2,CHCHD10,SMAD5,AFDN,DLG1,BAMBI,TAB2,ACBD3,DDX3X,LAMC1,NDUFS1,S100PBP,LAMB1,DEK"
"gene_set_query"	"46"	"0.3898"	"NRF1_H1HESC_HG19"	"NRF1"	"66"	"1836"	"0.007261"	"0.0555"	"1.414"	"ENCODE--ChIP-seq"	"PSMD2,MEF2A,DDIT4,FAM124A,ZNF148,CADM1,TIPARP,NETO2,LRRC1,GRN,FIGN,NRAS,FGF2,NPEPPS,LAMP1,SNRPN,NEAT1,S100A6,FANCL,M6PR,LSM7,NBEA,OGT,EIF4G1,VPS13C,DSG2,PPP1R12B,SLC25A4,GAPDH,NFAT5,SEMA3C,NDUFB4,MALT1,GADD45GIP1,TMEM41B,FTH1,ACTN4,BEX4,ZNF706,DYM,CALU,C2CD3,HIBADH,LARP1B,MAP1LC3B,DHX15,CBR1,NAPG,EXOSC6,UBE2G2,GPD2,RTN3,USP53,TBC1D12,CBX6,SMAD5,AZIN1,CLK1,PHTF2,RABEP1,USP14,IER5L,ATP1A1,S100PBP,CD9,ERCC6"
"gene_set_query"	"47"	"0.3983"	"SETDB1_K562_HG19"	"SETDB1"	"95"	"2798"	"0.008076"	"0.0592"	"1.332"	"ENCODE--ChIP-seq"	"GMFB,TES,TFRC,CREB3L2,EID1,CLNS1A,TMEM126B,SEH1L,NCSTN,HLCS,RSU1,ZNF148,TIPARP,EDEM1,NETO2,MLLT11,CLTC,LYPLAL1,USO1,SDAD1,TPK1,AGK,APEX1,ETNK1,IPO7,PTAR1,LAMP1,PHLDA2,VRK2,PKP4,AAGAB,ENY2,UAP1,FANCL,M6PR,LSM7,CDK6,CPD,OGT,VPS13C,PIK3C3,SLC25A4,NDUFB4,SYT11,SRRM2,ACTN4,SOAT1,PPP1R3B,EZR,BEX4,CSTF3,RABGAP1L,SNHG5,STAG1,CALU,C2CD3,SLC44A1,HIBADH,LARP1B,MAP1LC3B,AKAP11,DHX15,CTSH,TMED7,NCOA3,MLF2,RELN,RANBP1,UBE2G2,ESYT2,PPME1,KHSRP,FBXW11,SLC30A1,SCG5,RTN3,USP53,CCDC148,ZFP36L2,UBB,CAMTA1,HSPA5,UBE2B,SMAD5,CAPRIN1,DDX46,TSEN15,YWHAZ,LUC7L2,ATP1A1,LAMB1,NAP1L1,DEK,FAM155A,VIM"
"gene_set_query"	"48"	"0.4068"	"MEF2A_GM12878_HG19"	"MEF2A"	"35"	"871"	"0.008849"	"0.0618"	"1.587"	"ENCODE--ChIP-seq"	"TFRC,MEF2A,ATF3,CDK17,TIPARP,CLTC,MYOF,TPK1,FGF2,LAMP1,NEAT1,MALAT1,OGT,NFAT5,KLF7,SYT11,CBLB,ACTB,RUNX1,PPP1R3B,RABGAP1L,SLC44A1,AKAP11,NCOA3,ARID5B,TBL1XR1,ZFP36L2,UBE2H,PHTF2,SETBP1,MYH9,LUC7L2,NRXN3,S100PBP,VIM"
"gene_set_query"	"49"	"0.4153"	"STAT1_K562_HG19"	"STAT1"	"16"	"321"	"0.01053"	"0.0681"	"1.989"	"ENCODE--ChIP-seq"	"CDK17,PROS1,LAMP1,NEAT1,BAG1,MDGA1,B2M,DHX15,WARS,PEX14,SCN9A,LGALS3BP,DDX3X,LUC7L2,DEK,VIM"
"gene_set_query"	"50"	"0.4237"	"TFAP2A_HELAS3_HG19"	"TFAP2A"	"64"	"1810"	"0.01093"	"0.0681"	"1.39"	"ENCODE--ChIP-seq"	"GMFB,TES,TFRC,CLNS1A,DDIT4,SEH1L,TIPARP,RDX,ANXA2,MYOF,TPK1,RNF145,PHLDA2,TPM2,NEAT1,S100A6,ITPR2,TNFRSF10B,CDK6,ETFA,PARD3B,GAPDH,AHNAK2,SPARC,ZMYND8,RUSC2,ACTN1,CSNK1E,TLN1,OBSL1,MGST3,CSTF3,MBTD1,PTK2,SLC44A1,HIBADH,LARP1B,MAP1LC3B,AKAP11,ANKRD1,COX5A,ESYT2,MEGF9,LOXL2,KHSRP,ARID5B,TBL1XR1,FAM83B,UBE2H,HSPA5,UBE2B,DIAPH3,PAN3,BAMBI,CAPRIN1,DOCK5,HGSNAT,SPIDR,LATS2,RABEP1,SETBP1,IER5L,NT5DC1,S100PBP"
"gene_set_query"	"51"	"0.4322"	"ZNF384_CH12LX_MM9"	"ZNF384"	"59"	"1677"	"0.01495"	"0.0801"	"1.382"	"ENCODE--ChIP-seq"	"TFRC,PRKACB,EID1,EWSR1,ATF6,SEH1L,HLCS,CDK17,NDFIP2,CLTC,LRRC1,FOS,RNF169,GAS7,TPK1,NPEPPS,ZBTB38,VRK2,NEAT1,ERH,OGT,CELF2,PIK3C3,KLF7,KLF5,SCAPER,PDK1,SRRM2,ARL15,RUNX1,SOAT1,TLN1,MBTD1,SCFD1,SNHG5,PTK2,C2CD3,SH3KBP1,GDI2,MLF2,RHOJ,KANSL1L,EPS15,ESYT2,PPME1,ENPP2,SLC30A1,TBL1XR1,LTBP3,UBB,SPECC1,CBX6,DLG1,PHTF2,NDUFS1,SHANK2,LUC7L2,CREB5,S100PBP"
"gene_set_query"	"52"	"0.4407"	"MAX_ENDOTHELIALCELLOFUMBILICALVEIN_HG19"	"MAX"	"63"	"1825"	"0.01756"	"0.0906"	"1.355"	"ENCODE--ChIP-seq"	"GMFB,TMEM126B,SEH1L,EPB41L5,HLCS,RSU1,ABCA1,TIPARP,CLTC,TEX10,ANGPTL2,PLIN2,GAS5,GRN,USO1,SDAD1,NRAS,RNF145,APEX1,MSI2,IPO7,LAMP1,PNISR,ENY2,M6PR,ETFA,HMGCS1,ASPH,GAPDH,SLC25A6,PDK1,SRRM2,BEX4,CSTF3,ZNF706,DYM,XRCC6,MICAL2,SNHG5,STAG1,PTPRS,SLC44A1,HIBADH,LARP1B,MAP1LC3B,TMED7,CBR1,CAMLG,COX5A,RANBP1,UBE2G2,MEGF9,NDUFA11,ZFP36L2,BPTF,CNTLN,UBE2B,TBCK,LATS2,RABEP1,LUC7L2,USP14,S100PBP"
"gene_set_query"	"53"	"0.4492"	"SRF_MYOCYTE_MM9"	"SRF"	"52"	"1467"	"0.01825"	"0.0924"	"1.393"	"ENCODE--ChIP-seq"	"PRKACB,WLS,DDIT4,CGGBP1,ATF3,SF1,URI1,SEH1L,RSU1,MTMR10,FOS,PLCB4,ANKRD50,TPM2,ERH,METTL25,ASPH,PIK3C3,PPP1R12B,GAPDH,KLF7,ACTB,ACTN1,THAP4,SOAT1,TLN1,CSTF3,XRCC6,CALM3,C2CD3,HIBADH,ZMYM4,ANKRD1,CAP1,RHOJ,EXOSC6,RANBP1,PEX14,ESYT2,ACTG1,PPME1,KCTD9,NDUFV1,UBE2B,TBCK,CAPRIN1,MYH9,NDUFS1,USP14,PDLIM7,S100PBP,TAF3"
"gene_set_query"	"54"	"0.4576"	"NFE2_GM12878_HG19"	"NFE2"	"63"	"1854"	"0.02298"	"0.104"	"1.334"	"ENCODE--ChIP-seq"	"GMFB,DIP2B,EID1,EWSR1,DDIT4,TMEM126B,ATF6,ZNF148,CLTC,TEX10,PLIN2,GAS5,LYPLAL1,GRN,USO1,NRAS,CARD8,RNF145,FABP5,APEX1,IPO7,LAMP1,PNISR,NEAT1,S100A6,M6PR,LSM7,EIF4G1,DUSP10,VPS13C,PPP1R12B,ZMYND8,RUNX1,BEX4,MGST3,CSTF3,ZNF706,DYM,SLAMF7,XRCC6,PTPRS,MAP1LC3B,CBR1,CAMLG,PCNA,COX5A,MEGF9,ACTG1,CHCHD3,KCTD9,VCP,BPTF,CBX6,UBE2B,SMAD5,DDX3X,TSEN15,RABEP1,NDUFS1,LUC7L2,USP14,S100PBP,ERCC6"
"gene_set_query"	"55"	"0.4661"	"MEF2C_GM12878_HG19"	"MEF2C"	"8"	"135"	"0.02455"	"0.106"	"2.388"	"ENCODE--ChIP-seq"	"MEF2A,NEAT1,MALAT1,KLF7,SYT11,SLC44A1,ARID5B,S100PBP"
"gene_set_query"	"56"	"0.4746"	"ARID3A_HEPG2_HG19"	"ARID3A"	"62"	"1828"	"0.02457"	"0.106"	"1.331"	"ENCODE--ChIP-seq"	"SLC4A2,MEF2A,CLNS1A,SF1,EPB41L5,ZNF148,TIPARP,EDEM1,EXOC6B,ELL2,MLLT11,MTMR10,TEX10,EMP2,MZT2B,DPYD,ASAH1,GRN,USO1,NRAS,TPK1,AGK,IPO7,ROR1,ENY2,ITPR2,LSM7,ETFA,DUSP10,ACTB,SRRM2,SOAT1,STXBP6,NBEAL1,HIBADH,GDI2,PTPRF,ANKRD1,CTSH,TMED7,CAMLG,RNF144B,COX5A,PEX14,POGZ,LMO4,ARID5B,RTN3,CCDC148,TBC1D12,NDUFV1,SPECC1,UBE2H,CAPRIN1,DOCK5,LATS2,ATP1A1,NT5DC1,PDLIM7,S100PBP,LAMB1,NAP1L1"
"gene_set_query"	"57"	"0.4831"	"IKZF1_GM12878_HG19"	"IKZF1"	"62"	"1836"	"0.02639"	"0.112"	"1.325"	"ENCODE--ChIP-seq"	"ATF3,SEH1L,CDK17,NDFIP2,RDX,NETO2,PEA15,GSTO1,MYOF,EMP3,RNF169,GAS5,LYPLAL1,IPO7,FGF2,NEAT1,MALAT1,BAG1,FANCL,M6PR,TNFRSF10B,MCC,CDK6,DSG2,GAPDH,NFAT5,SEMA3C,MALT1,FYN,SYT11,ZMYND8,CBLB,FTH1,ACTN4,TLN1,MGST3,CSTF3,SLAMF7,RABGAP1L,PTK2,C2CD3,SLC44A1,PTPRG,DHX15,NCOA3,EPS15,MTX3,PPME1,POGZ,KAZN,GPD2,USP53,USP54,TAB2,DDX3X,LAMC1,RABEP1,SETBP1,MYH9,NT5C2,S100PBP,VIM"
"gene_set_query"	"58"	"0.4915"	"STAT3_HELAS3_HG19"	"STAT3"	"60"	"1780"	"0.02911"	"0.119"	"1.322"	"ENCODE--ChIP-seq"	"TES,CREB3L2,DDIT4,TMEM126B,ATF6,ATF3,SEH1L,FLRT2,CDK17,TIPARP,RDX,EXOC6B,MYOF,FOS,FIGN,WWOX,TPK1,RNF145,PROS1,PNISR,NEAT1,UAP1,MCC,CPD,ETFA,DUSP10,HMGCS1,ASPH,NDUFB4,AHNAK2,KLF5,RUSC2,FTH1,LIMCH1,CSNK1E,RUNX1,MGST3,CSTF3,MBTD1,ANKRD1,WARS,GAB2,MLF2,SLC20A2,SORT1,SH3RF2,NDUFA11,ARID5B,USP53,LTBP3,FAM83B,HSPA5,LGALS3BP,DOCK5,LAMC1,NDUFS1,LUC7L2,IER5L,UACA,S100PBP"
"gene_set_query"	"59"	"0.5"	"CEBPZ_HEPG2_HG19"	"CEBPZ"	"30"	"801"	"0.0317"	"0.127"	"1.475"	"ENCODE--ChIP-seq"	"ATP5IF1,CREB3L2,NCSTN,RDX,ASAH1,USO1,MAP3K4,NEAT1,FRMD5,TNFRSF10B,DUSP10,HMGCS1,PIK3C3,ZMYND8,CBLB,ZNF714,C2CD3,HIBADH,SPTLC2,NAPG,NDUFA11,PPME1,KHSRP,VCP,UBB,CAMTA1,HSPA5,DIAPH3,PHTF2,MYH9"
"gene_set_query"	"60"	"0.5085"	"PAX5_GM12892_HG19"	"PAX5"	"17"	"404"	"0.0364"	"0.14"	"1.665"	"ENCODE--ChIP-seq"	"DIP2B,MTMR10,LYPLAL1,LAMP1,NEAT1,AAGAB,FANCL,NFAT5,PDK1,STAG1,WARS,CAMLG,GAB2,ESYT2,LRRFIP2,LATS2,RABEP1"
"gene_set_query"	"61"	"0.5169"	"MYB_MELCELLLINE_MM9"	"MYB"	"23"	"594"	"0.0394"	"0.147"	"1.527"	"ENCODE--ChIP-seq"	"GMFB,CGGBP1,RSU1,RDX,EMP3,NEAT1,ERH,LEPROT,EZR,MBTD1,RABGAP1L,CALM3,SH3KBP1,KANSL1L,PPIP5K2,KCTD9,TBL1XR1,UBB,CAPRIN1,ACBD3,TSEN15,USP14,VIM"
"gene_set_query"	"62"	"0.5254"	"CREB1_K562_HG19"	"CREB1"	"57"	"1715"	"0.03986"	"0.148"	"1.303"	"ENCODE--ChIP-seq"	"TFRC,SLC4A2,PSMD8,CREB3L2,EID1,ATF6,SF1,EXOC6B,ELL2,CLTC,FOS,MZT2B,LYPLAL1,NRAS,WWOX,RIC1,LAMP1,MTREX,ERH,ENY2,UAP1,M6PR,DUSP10,HMGCS1,PIK3C3,MFSD14C,B2M,TLN1,BEX4,CSTF3,SCFD1,ZNF706,XRCC6,SNHG5,STAG1,C2CD3,HIBADH,LARP1B,MAP1LC3B,WARS,CAMLG,NCOA3,COX5A,SORT1,ESYT2,SCN9A,LMO4,SLC30A1,VCP,NDUFV1,UBE2H,HSPA5,UBE2B,AZIN1,DIAPH3,HGSNAT,ATP1A1"
"gene_set_query"	"63"	"0.5339"	"NFYB_HELAS3_HG19"	"NFYB"	"61"	"1852"	"0.04031"	"0.148"	"1.291"	"ENCODE--ChIP-seq"	"TES,ATP5IF1,EID1,DDIT4,SF1,NCSTN,ELL2,EMP3,RNF169,GAS5,GRN,WWOX,MTREX,MACROD2,ERH,ITPR2,UAP1,M6PR,TNFRSF10B,ETFA,DUSP10,ASPH,PIK3C3,SLC25A4,GAPDH,SLC25A6,AHNAK2,TSPAN13,ZMYND8,ACTB,HERC3,ARL15,ACTN1,RUNX1,SOAT1,PPP1R3B,ZNF714,TLN1,CSTF3,XRCC6,CALU,HIBADH,GDI2,SIPA1L3,DHX15,TMED7,PCNA,COX5A,SH3RF2,ESYT2,ENPP2,LMO4,CCDC148,CAMTA1,CCDC137,DIAPH3,BAMBI,LGALS3BP,SPIDR,IER5L,DEK"
"gene_set_query"	"64"	"0.5424"	"IRF3_HEPG2_HG19"	"IRF3"	"26"	"699"	"0.04524"	"0.161"	"1.465"	"ENCODE--ChIP-seq"	"ATP5IF1,CREB3L2,EWSR1,DUSP10,HMGCS1,FYN,KLF5,CBLB,ZNF714,C2CD3,HIBADH,SPTLC2,SORT1,MEGF9,PPME1,KHSRP,KCTD9,VCP,CAMTA1,HSPA5,CCDC137,AZIN1,PHTF2,MYH9,IER5L,NT5C2"
"gene_set_query"	"65"	"0.5508"	"SP2_H1HESC_HG19"	"SP2"	"38"	"1095"	"0.04708"	"0.164"	"1.363"	"ENCODE--ChIP-seq"	"ATP5IF1,CREB3L2,CLNS1A,NCSTN,ZNF148,GRN,MACROD2,FRMD5,OSBPL3,DUSP10,HMGCS1,FYN,KLF5,CBLB,HERC3,ACTN1,TLN1,MAP9,HIBADH,PPP3CA,SPTLC2,RANBP1,SORT1,MEGF9,KHSRP,KCTD9,VCP,CAMTA1,TBC1D12,HSPA5,CCDC137,AZIN1,DIAPH3,PHTF2,DDX46,MYH9,IER5L,UACA"
"gene_set_query"	"66"	"0.5593"	"GATA1_ERYTHROBLAST_HG19"	"GATA1"	"67"	"2088"	"0.05106"	"0.174"	"1.257"	"ENCODE--ChIP-seq"	"GMFB,EWSR1,DDIT4,TMEM126B,ATF6,CGGBP1,EPB41L5,MTMR10,CLTC,FOS,DPYD,PLIN2,USO1,WWOX,RIC1,CARD8,APEX1,PTAR1,LAMP1,NEAT1,AAGAB,M6PR,DUSP10,HMGCS1,VPS13C,SYF2,PIK3C3,PPP1R12B,GAPDH,FTH1,B2M,SRRM2,ARL15,PPP1R3B,TLN1,CSTF3,SCFD1,RABGAP1L,PYROXD1,GDI2,LARP1B,MAP1LC3B,ANKRD1,TMED7,PCNA,SLC20A2,COX5A,EPS15,RANBP1,STEAP3,NDUFA11,PPME1,UBB,CNTLN,SPECC1,AZIN1,GULP1,DIAPH3,BAMBI,DDX46,HGSNAT,LATS2,RABEP1,MYH9,USP14,NAP1L1,ERCC6"
"gene_set_query"	"67"	"0.5678"	"NR2F2_MCF7_HG19"	"NR2F2"	"21"	"551"	"0.05358"	"0.178"	"1.502"	"ENCODE--ChIP-seq"	"TIPARP,PRXL2A,GAS5,PNISR,VRK2,NEAT1,PKP4,UAP1,ETFA,PPP1R12B,SLC25A4,SEMA3C,TNS1,ANKRD1,NAALADL2,PCNA,COX5A,RANBP1,CCDC148,HSPA5,NDUFS1"
"gene_set_query"	"68"	"0.5763"	"SP1_A549_HG19"	"SP1"	"55"	"1688"	"0.05599"	"0.181"	"1.277"	"ENCODE--ChIP-seq"	"GMFB,TES,TFRC,ATP5IF1,CLNS1A,ATF6,CGGBP1,NCSTN,ZNF148,ABCA1,ELL2,TEX10,ECHS1,SDAD1,TPK1,NPEPPS,ENY2,ITPR2,LSM7,SUMO1,PPP1R12B,GADD45GIP1,TMEM41B,B2M,PPP1R3B,CD109,ZNF714,TLN1,CSTF3,XRCC6,NBEAL1,HIBADH,MAP1LC3B,DHX15,TMED7,MFGE8,PCNA,EXOSC6,PEX14,SH3RF2,LOXL2,FBXW11,CCDC148,UBB,TBC1D12,NDUFV1,CNTLN,CCDC137,SMAD5,DIAPH3,SLC2A1,LATS2,HKDC1,PARG,LAMB1"
"gene_set_query"	"69"	"0.5847"	"MXI1_H1HESC_HG19"	"MXI1"	"59"	"1827"	"0.05678"	"0.182"	"1.265"	"ENCODE--ChIP-seq"	"WLS,MEF2A,EID1,RSU1,ZNF148,TIPARP,MLLT11,LYPD6B,CLTC,SH3BGRL3,TEX10,DPYD,ANGPTL2,PLIN2,GRN,USO1,TPK1,PTAR1,LAMP1,MITF,ROR1,AAGAB,ENY2,ITPR2,LSM7,CPD,EIF4G1,ETFA,MMS22L,PIK3C3,SLC25A4,GAPDH,GADD45GIP1,TXNRD1,KLF7,ACTN1,BEX4,DYM,NTNG1,HIBADH,PTPRG,DHX15,MLF2,RNF144B,NAPG,RANBP1,PEX14,SCN9A,LMO4,RTN3,USP53,NDUFV1,HSPA5,UBE2B,BAMBI,LGALS3BP,RABEP1,IER5L,SPOCK1"
"gene_set_query"	"70"	"0.5932"	"HMGN3_K562_HG19"	"HMGN3"	"59"	"1830"	"0.05809"	"0.183"	"1.263"	"ENCODE--ChIP-seq"	"PSMD2,PRKACB,SF1,NEDD4L,RSU1,ZNF148,NDFIP2,CADM1,CLTC,LRRC1,MRC2,MZT2B,PELI2,ANKRD50,AGK,FABP5,APEX1,ETNK1,PTAR1,LAMP1,MTREX,S100A6,AAGAB,OGT,DUSP10,DSG2,SLC25A4,SLC25A6,FBXL20,CCDC85A,AHNAK2,TNS1,ACTN4,NBEAL1,CALU,CALM3,PTPRS,SLC44A1,PTPRF,CAP1,WARS,MEGF9,LOXL1,SLC30A1,SCG5,CTTNBP2,CCDC137,ACBD3,DOCK5,PHTF2,DDX46,UPK3B,SPIDR,RABEP1,LUC7L2,LAMA3,PRRG1,SPOCK1,PDLIM7"
"gene_set_query"	"71"	"0.6017"	"HSF1_HEPG2_HG19"	"HSF1"	"10"	"222"	"0.06431"	"0.193"	"1.788"	"ENCODE--ChIP-seq"	"EWSR1,NEAT1,M6PR,VPS13C,SLC20A2,UBB,UBE2B,AZIN1,LUC7L2,IER5L"
"gene_set_query"	"72"	"0.6102"	"STAT2_K562_HG19"	"STAT2"	"11"	"252"	"0.06488"	"0.193"	"1.73"	"ENCODE--ChIP-seq"	"CDK17,ENY2,BAG1,ZMYND8,B2M,DHX15,WARS,RANBP1,SCN9A,LGALS3BP,DDX3X"
"gene_set_query"	"73"	"0.6186"	"ZBTB33_HCT116_HG19"	"ZBTB33"	"34"	"993"	"0.06539"	"0.193"	"1.344"	"ENCODE--ChIP-seq"	"GMFB,TFRC,PSMD2,DDIT4,ATF6,SF1,PRXL2A,MTMR10,ECHS1,SDAD1,LAMP1,MALAT1,ERH,ETFA,MMS22L,ASPH,SLC25A4,NFAT5,THAP4,MBTD1,SNHG5,HIBADH,GDI2,AKAP11,TMED7,COX5A,EXOSC6,PEX14,NDUFA11,USP53,UBB,NDUFV1,BPTF,LUC7L2"
"gene_set_query"	"74"	"0.6271"	"ZNF143_K562_HG19"	"ZNF143"	"58"	"1826"	"0.07283"	"0.21"	"1.244"	"ENCODE--ChIP-seq"	"TFRC,ATP5IF1,PSMD8,EWSR1,CLNS1A,DDIT4,NCSTN,ZNF148,EXOC6B,MLLT11,MZT2B,SDAD1,NRAS,TPK1,AGK,APEX1,LPCAT2,VRK2,NEAT1,FANCL,M6PR,TNFRSF10B,CPD,OGT,HMGCS1,VPS13C,PPP1R12B,SLC25A4,NFAT5,SEMA3C,FYN,TXNRD1,SOAT1,CSTF3,DYM,HIBADH,MAP1LC3B,MFGE8,PCNA,COX5A,NAPG,PEX14,STEAP3,NDUFA11,SCN9A,FBXW11,RTN3,UBB,TBC1D12,UBE2H,HSPA5,AZIN1,CLK1,TSEN15,YWHAZ,NDUFS1,IER5L,PDLIM7"
"gene_set_query"	"75"	"0.6356"	"YY1_HCT116_HG19"	"YY1"	"34"	"1004"	"0.07314"	"0.21"	"1.329"	"ENCODE--ChIP-seq"	"TFRC,DIP2B,LYPLAL1,SDAD1,TPK1,PTAR1,LAMP1,MAP3K4,NEAT1,AAGAB,LSM7,CPD,PPP1R12B,SLC25A4,NFAT5,SRRM2,EZR,CSTF3,SCFD1,SNHG5,STAG1,PTPRG,MAP1LC3B,DHX15,NCOA3,COX5A,EXOSC6,UBB,COBLL1,ACBD3,DDX3X,DDX46,NT5C2,DEK"
"gene_set_query"	"76"	"0.6441"	"BCL11A_GM12878_HG19"	"BCL11A"	"35"	"1038"	"0.07333"	"0.21"	"1.323"	"ENCODE--ChIP-seq"	"ATF3,PRDX1,TIPARP,MYOF,MZT2B,LYPLAL1,WWOX,RIC1,NEAT1,MALAT1,NFAT5,MALT1,MFSD14C,TMEM41B,ACTB,HERC2,FTH1,B2M,RUNX1,SCFD1,RABGAP1L,WARS,KAZN,ARID5B,TBL1XR1,UBB,CBX6,DDX3X,LRRFIP2,HGSNAT,YWHAZ,MYH9,PARG,S100PBP,VIM"
"gene_set_query"	"77"	"0.6525"	"NR2C2_K562_HG19"	"NR2C2"	"14"	"355"	"0.08028"	"0.222"	"1.556"	"ENCODE--ChIP-seq"	"CLNS1A,TPK1,PTAR1,LSM7,SLC25A6,CSTF3,RANBP1,UBE2G2,PEX14,ACBD3,LRRFIP2,RALA,S100PBP,TAF3"
"gene_set_query"	"78"	"0.661"	"GTF2B_K562_HG19"	"GTF2B"	"58"	"1855"	"0.0892"	"0.237"	"1.224"	"ENCODE--ChIP-seq"	"TES,SLC4A2,ATP5IF1,PSMD8,MEF2A,EID1,CLNS1A,SF1,CLTC,ANXA2,FOS,LYPLAL1,ETNK1,IPO7,PHLDA2,VRK2,DSC2,ENY2,FANCL,CDK6,DUSP10,SUMO1,BMP2K,SLC25A4,NFAT5,NDUFB4,GADD45GIP1,ZMYND8,ACTB,RUSC2,SRRM2,ACTN4,ZNF714,EZR,BEX4,CSTF3,RABGAP1L,CALU,WARS,NCOA3,PCNA,SLC20A2,COX5A,MEGF9,ACTG1,PPME1,LMO4,RTN3,CCDC137,CLK1,BAMBI,CAPRIN1,ACBD3,LRRFIP2,RALA,IER5L,NT5DC1,PRRG1"
"gene_set_query"	"79"	"0.6695"	"ETS1_MELCELLLINE_MM9"	"ETS1"	"51"	"1614"	"0.09142"	"0.24"	"1.237"	"ENCODE--ChIP-seq"	"MEF2A,DDIT4,ATF6,ATF3,TIPARP,ELL2,CLTC,LRRC1,ANXA2,FOS,PLCB4,PLIN2,GAS5,USO1,LPCAT2,MSI2,FGF2,NEAT1,DSC2,CD151,UAP1,DUSP10,SYF2,LEPROT,ACTB,FTH1,B2M,PDK1,EZR,MGST3,PTPRS,WARS,KANSL1L,ESYT2,FBXW11,KCTD9,TBL1XR1,ZFP36L2,UBB,UBE2H,UBE2B,SMAD5,AZIN1,ACBD3,LGALS3BP,SLC2A1,LAMC1,NAV1,YWHAZ,USP14,PDLIM7"
"gene_set_query"	"80"	"0.678"	"MAFF_HEPG2_HG19"	"MAFF"	"57"	"1834"	"0.09804"	"0.248"	"1.216"	"ENCODE--ChIP-seq"	"TFRC,ATP5IF1,EWSR1,ATF6,SF1,ZNF148,CADM1,EXOC6B,ELL2,CLTC,MMP14,GAS5,GRN,WWOX,TPK1,PROS1,VRK2,ROR1,AAGAB,FANCL,ETFA,HMGCS1,PPP1R12B,SLC25A4,NFAT5,NDUFB4,ACTB,FTH1,TNS1,SRRM2,ARL15,ZNF714,MGST3,CSTF3,DYM,XRCC6,STAG1,CALU,MAP1LC3B,CAMLG,NCOA3,RHOJ,PCNA,HSD17B2,PEX14,PPME1,LMO4,RTN3,VCP,HSPA5,UBE2B,CLK1,ACBD3,LGALS3BP,PHTF2,NT5DC1,S100PBP"
"gene_set_query"	"81"	"0.6864"	"MYBL2_HEPG2_HG19"	"MYBL2"	"47"	"1487"	"0.1002"	"0.25"	"1.237"	"ENCODE--ChIP-seq"	"GMFB,MEF2A,CLNS1A,CGGBP1,EPB41L5,NCSTN,ZNF148,TIPARP,MLLT11,TEX10,FOS,SDAD1,TPK1,AGK,AAGAB,ENY2,ITPR2,M6PR,ETFA,DUSP10,GADD45GIP1,TMEM41B,SOAT1,MGST3,CSTF3,PYROXD1,SPTLC2,ANKRD1,DHX15,WARS,RNF144B,EXOSC6,MTX3,PEX14,FBXW11,NDUFV1,UBE2B,DIAPH3,CPS1,DDX46,TSEN15,YWHAZ,RALA,PARG,IER5L,ATP1A1,S100PBP"
"gene_set_query"	"82"	"0.6949"	"NFYA_GM12878_HG19"	"NFYA"	"58"	"1873"	"0.1005"	"0.25"	"1.211"	"ENCODE--ChIP-seq"	"TES,ATP5IF1,CREB3L2,DDIT4,TMEM126B,SF1,GRN,FRMD5,PKP4,OSBPL3,M6PR,CPD,ETFA,DUSP10,HMGCS1,PIK3C3,GAPDH,FYN,KLF7,KLF5,ZMYND8,CBLB,ACTB,HERC3,B2M,ARL15,ACTN1,RUNX1,PPP1R3B,ZNF714,MAP9,PYCR1,CALU,C2CD3,HIBADH,GDI2,SPTLC2,DHX15,TMED7,WARS,PCNA,SORT1,MEGF9,CHCHD3,PPME1,POGZ,ENPP2,LMO4,VCP,CCDC148,CAMTA1,HSPA5,CCDC137,DIAPH3,PHTF2,MYH9,USP14,IER5L"
"gene_set_query"	"83"	"0.7034"	"POU2F2_GM12891_HG19"	"POU2F2"	"49"	"1563"	"0.1047"	"0.255"	"1.227"	"ENCODE--ChIP-seq"	"TFRC,ATP5IF1,CLNS1A,CGGBP1,SF1,ZNF148,TIPARP,TEX10,FOS,RNF169,GAS5,LYPLAL1,SDAD1,TPK1,APEX1,ETNK1,IPO7,AAGAB,ENY2,LSM7,ETFA,SYF2,SLC25A4,GADD45GIP1,MFSD14C,ACTN4,EZR,MGST3,CSTF3,MBTD1,SCFD1,SLAMF7,GDI2,MAP1LC3B,TMED7,CAMLG,NCOA3,EXOSC6,MTX3,HSPA5,CCDC137,DIAPH3,CAPRIN1,DDX46,TSEN15,LRRFIP2,USP14,PARG,ATP1A1"
"gene_set_query"	"84"	"0.7119"	"ATF1_K562_HG19"	"ATF1"	"56"	"1833"	"0.1222"	"0.286"	"1.195"	"ENCODE--ChIP-seq"	"TFRC,ATP5IF1,PSMD8,EID1,DDIT4,ATF6,NCSTN,TIPARP,EXOC6B,SH3BGRL3,MZT2B,GAS5,GRN,WWOX,APEX1,PROS1,IPO7,ENY2,UAP1,TNFRSF10B,CPD,OGT,SUMO1,SYF2,SYT11,TMEM41B,ZMYND8,FTH1,SRRM2,ACTN1,ZNF714,SCFD1,SLAMF7,XRCC6,HIBADH,MAP1LC3B,TMED7,CAMLG,NCOA3,MLF2,PCNA,COX5A,PEX14,LMO4,RTN3,VCP,ZFP36L2,UBB,TBC1D12,NDUFV1,UBE2H,UBE2B,AZIN1,CLK1,DIAPH3,ATP1A1"
"gene_set_query"	"85"	"0.7203"	"NANOG_H1HESC_HG19"	"NANOG"	"5"	"102"	"0.1242"	"0.286"	"1.954"	"ENCODE--ChIP-seq"	"LAMP1,MFGE8,SH3RF2,FBXW11,IER5L"
"gene_set_query"	"86"	"0.7288"	"GABPA_MELCELLLINE_MM9"	"GABPA"	"5"	"102"	"0.1242"	"0.286"	"1.954"	"ENCODE--ChIP-seq"	"ATP5IF1,PRDX1,NEAT1,FTH1,DDX46"
"gene_set_query"	"87"	"0.7373"	"FOXP2_SKNMC_HG19"	"FOXP2"	"14"	"391"	"0.1398"	"0.307"	"1.408"	"ENCODE--ChIP-seq"	"CLNS1A,TIPARP,TPK1,ENY2,TLN1,MGST3,HIBADH,MAP1LC3B,RTN3,UBE2B,CLK1,TSEN15,YWHAZ,S100PBP"
"gene_set_query"	"88"	"0.7458"	"CUX1_K562_HG19"	"CUX1"	"55"	"1827"	"0.1462"	"0.314"	"1.177"	"ENCODE--ChIP-seq"	"MEF2A,CLNS1A,TMEM126B,ATF6,CGGBP1,MLLT11,GPI,CLTC,SH3BGRL3,FOS,LYPLAL1,SDAD1,WWOX,TPK1,AGK,APEX1,IPO7,MTREX,VRK2,MALAT1,DSC2,OSBPL3,M6PR,TNFRSF10B,DUSP10,SUMO1,PHACTR2,HMGCS1,TXNRD1,ACTB,B2M,SRRM2,ZNF714,DYM,HIBADH,GDI2,SIPA1L3,MAP1LC3B,WARS,UBE2G2,NDUFA11,LMO4,FBXW11,VCP,SPECC1,HSPA5,DLG1,DIAPH3,CAPRIN1,DDX46,SLC2A1,YWHAZ,RALA,NT5DC1,PDLIM7"
"gene_set_query"	"89"	"0.7542"	"ESRRA_HEPG2_HG19"	"ESRRA"	"5"	"108"	"0.1474"	"0.314"	"1.84"	"ENCODE--ChIP-seq"	"PKP4,SLC25A6,GDI2,COX5A,CCDC148"
"gene_set_query"	"90"	"0.7627"	"ZEB1_HEPG2_HG19"	"ZEB1"	"7"	"169"	"0.1486"	"0.316"	"1.638"	"ENCODE--ChIP-seq"	"LRRC1,GSTO1,MAL2,RUSC2,MGST3,COBLL1,TAF3"
"gene_set_query"	"91"	"0.7712"	"EBF1_GM12878_HG19"	"EBF1"	"78"	"2676"	"0.1619"	"0.335"	"1.138"	"ENCODE--ChIP-seq"	"GMFB,TFRC,PSMD8,MEF2A,EWSR1,CLNS1A,ATF6,CGGBP1,NCSTN,EDEM1,PRXL2A,CLTC,LRRC1,MZT2B,RNF169,DPYD,LYPLAL1,FABP5,IPO7,LAMP1,FRMD5,S100A6,AAGAB,ITPR2,M6PR,TNFRSF10B,OGT,EIF4G1,HMGCS1,ASPH,PIK3C3,SLC25A4,NFAT5,FBXL20,GADD45GIP1,TXNRD1,TMEM41B,HERC2,ZNF714,TLN1,SCFD1,DYM,SLAMF7,STAG1,HIBADH,CTSH,CAP1,CAMLG,NCOA3,MLF2,RNF144B,MFGE8,SLC20A2,NAPG,PEX14,ESYT2,ACTG1,CHCHD3,POGZ,KCTD9,VCP,USP53,UBB,NDUFV1,UBE2H,CLK1,DIAPH3,CPS1,CAPRIN1,LGALS3BP,DDX46,TSEN15,LRRFIP2,HGSNAT,RALA,PARG,IER5L,UACA"
"gene_set_query"	"92"	"0.7797"	"BATF_GM12878_HG19"	"BATF"	"22"	"676"	"0.1631"	"0.336"	"1.275"	"ENCODE--ChIP-seq"	"ATF3,PRDX1,LYPLAL1,WWOX,MCC,DUSP10,PPP1R12B,SYT14,KLF7,MFSD14C,HERC2,RUNX1,SCFD1,SLAMF7,PYCR1,WARS,ENPP2,UBB,LRRFIP2,LUC7L2,S100PBP,VIM"
"gene_set_query"	"93"	"0.7881"	"ELK1_GM12878_HG19"	"ELK1"	"55"	"1851"	"0.1677"	"0.343"	"1.161"	"ENCODE--ChIP-seq"	"GMFB,TES,CLNS1A,EPB41L5,ZNF148,TIPARP,MLLT11,LRRC1,TEX10,RNF169,PLIN2,USO1,SDAD1,TPK1,IPO7,S100A6,ENY2,M6PR,SUMO1,HMGCS1,VPS13C,ASPH,PIK3C3,SLC25A6,MALT1,GADD45GIP1,TXNRD1,SYT11,SRRM2,TLN1,CSTF3,SCFD1,DYM,MAP9,RABGAP1L,MAP1LC3B,SPTLC2,TMED7,CBR1,CAMLG,PCNA,EXOSC6,MTX3,UBE2G2,PEX14,MEGF9,ACTG1,FBXW11,TBC1D12,NDUFV1,UBE2H,UBE2B,CCDC137,DDX46,RALA"
"gene_set_query"	"94"	"0.7966"	"MBD4_HEPG2_HG19"	"MBD4"	"50"	"1672"	"0.1686"	"0.343"	"1.169"	"ENCODE--ChIP-seq"	"TFRC,CLNS1A,ATF6,CGGBP1,EPB41L5,TIPARP,CLTC,FOS,GAS5,NRAS,CARD8,APEX1,IPO7,PNISR,VRK2,MALAT1,ENY2,FANCL,TNFRSF10B,MOB4,SUMO1,GAPDH,TNS1,PDK1,THAP4,MGST3,CSTF3,SCFD1,XRCC6,NBEAL1,SNHG5,MLF2,RNF144B,PCNA,EXOSC6,RANBP1,NDUFA11,USP53,UBB,HSPA5,UBE2B,CCDC137,CLK1,TBCK,DDX46,TSEN15,NDUFS1,LUC7L2,NT5DC1,S100PBP"
"gene_set_query"	"95"	"0.8051"	"TBP_HEPG2_HG19"	"TBP"	"54"	"1833"	"0.1852"	"0.365"	"1.151"	"ENCODE--ChIP-seq"	"SLC4A2,ATF6,SF1,ZNF148,EMP2,DPYD,LYPLAL1,SDAD1,IPO7,DSC2,ENY2,ITPR2,FANCL,M6PR,LSM7,CPD,ETFA,SUMO1,VPS13C,DSG2,PIK3C3,MALT1,FBXL20,AHNAK2,TSPAN13,CBLB,B2M,TNS1,ACTN1,RABGAP1L,NBEAL1,STAG1,MYO5B,HIBADH,MAP1LC3B,ANKRD1,TMED7,RNF144B,SLC20A2,SH3RF2,RTN3,TBC1D12,CNTLN,DIAPH3,BAMBI,DOCK5,TSEN15,RABEP1,USP14,IER5L,ATP1A1,NT5DC2,DEK,ERCC6"
"gene_set_query"	"96"	"0.8136"	"SP4_H1HESC_HG19"	"SP4"	"41"	"1367"	"0.1885"	"0.368"	"1.172"	"ENCODE--ChIP-seq"	"CREB3L2,TMEM126B,CGGBP1,SF1,EPB41L5,CADM1,ELL2,GRN,APEX1,AAGAB,ENY2,EIF4G1,DUSP10,MMS22L,ASPH,NFAT5,LEPROT,TMEM41B,SOAT1,EZR,CSTF3,PYROXD1,GDI2,MAP1LC3B,SPTLC2,WARS,PRMT2,NCOA3,MLF2,COX5A,UBB,NDUFV1,UBE2H,UBE2B,CAPRIN1,DDX46,SLC2A1,LATS2,NDUFS1,IER5L,PDLIM7"
"gene_set_query"	"97"	"0.822"	"ESR1_T47D_HG19"	"ESR1"	"13"	"382"	"0.1925"	"0.373"	"1.336"	"ENCODE--ChIP-seq"	"TIPARP,GAS5,NEAT1,MALAT1,GAPDH,SEMA3C,TXNRD1,SLC44A1,RNF144B,MID1,DIAPH3,LAMC1,IER5L"
"gene_set_query"	"98"	"0.8305"	"ELK4_HEK293_HG19"	"ELK4"	"53"	"1822"	"0.2115"	"0.39"	"1.136"	"ENCODE--ChIP-seq"	"TES,RAPH1,SLC4A2,PSMD8,MEF2A,CGGBP1,EPB41L5,NCSTN,RSU1,CDK17,TIPARP,MLLT11,CLTC,TEX10,FOS,GAS5,NRAS,TPK1,MALAT1,ERH,AAGAB,M6PR,MOB4,SYF2,SLC25A6,TMEM41B,ACTB,THAP4,SCFD1,CALU,PYROXD1,GDI2,DHX15,TMED7,CAP1,WARS,NCOA3,ITFG1,MLF2,SLC20A2,RANBP1,POGZ,FBXW11,UBB,CCDC137,DIAPH3,PHTF2,DDAH1,MYH9,NDUFS1,LUC7L2,S100PBP,TAF3"
"gene_set_query"	"99"	"0.839"	"FOXM1_MCF7_HG19"	"FOXM1"	"6"	"156"	"0.2161"	"0.391"	"1.516"	"ENCODE--ChIP-seq"	"RDX,EXOC6B,NEAT1,SEMA3C,KCTD9,COBLL1"
"gene_set_query"	"100"	"0.8475"	"THAP1_K562_HG19"	"THAP1"	"47"	"1627"	"0.2395"	"0.416"	"1.128"	"ENCODE--ChIP-seq"	"PSMD8,HLCS,RSU1,MLLT11,LYPLAL1,CARD8,LPCAT2,LAMP1,PNISR,NEAT1,MALAT1,ERH,AAGAB,NRF1,OSBPL3,EIF4G1,NT5C3A,PIK3C3,PPP1R12B,SLC25A4,SLC25A6,GADD45GIP1,FTH1,ACTN1,MGST3,C2CD3,SLC44A1,SIPA1L3,PRMT2,CAMLG,RANBP1,CHCHD3,PPME1,KHSRP,CYBA,KCTD9,NDUFV1,BPTF,CBX6,UBE2B,CCDC137,DDX46,LRRFIP2,LUC7L2,USP14,S100PBP,TAF3"
"gene_set_query"	"101"	"0.8559"	"ZZZ3_HELAS3_HG19"	"ZZZ3"	"7"	"199"	"0.2551"	"0.425"	"1.382"	"ENCODE--ChIP-seq"	"GMFB,ANXA2,NEAT1,MALAT1,MDGA1,RUNX1,HMGA2"
"gene_set_query"	"102"	"0.8644"	"STAT5A_K562_HG19"	"STAT5A"	"7"	"200"	"0.259"	"0.429"	"1.375"	"ENCODE--ChIP-seq"	"DDIT4,RNF145,PROS1,MALAT1,WARS,NDUFV1,PHTF2"
"gene_set_query"	"103"	"0.8729"	"HNF4A_HEPG2_HG19"	"HNF4A"	"67"	"2396"	"0.2737"	"0.445"	"1.091"	"ENCODE--ChIP-seq"	"ATP5IF1,DIP2B,DDIT4,SEH1L,EPB41L5,TIPARP,EDEM1,RDX,PRXL2A,MTMR10,LRRC1,GSTO1,RNF169,ASAH1,FIGN,WWOX,MGMT,PROS1,LAMP1,NEAT1,PKP4,DSC2,ENY2,UAP1,FANCL,TNFRSF10B,EIF4G1,ETFA,HMGCS1,BMP2K,GAPDH,SLC25A6,NFAT5,LRP1,ZMYND8,ACTN4,THAP4,SFRP1,OBSL1,STXBP6,RABGAP1L,SNHG5,MYO5B,CALM3,PYROXD1,GDI2,PTPRG,GAB2,MLF2,PCNA,SLC20A2,COX5A,EPS15,RANBP1,UBE2G2,PNPLA3,SLC30A1,WDFY3,VCP,CCDC148,LTBP3,ZFP36L2,DLG1,LATS2,SETBP1,NDUFS1,LUC7L2"
"gene_set_query"	"104"	"0.8814"	"ZNF274_K562_HG19"	"ZNF274"	"26"	"887"	"0.282"	"0.453"	"1.145"	"ENCODE--ChIP-seq"	"TFRC,SF1,PRDX1,GAS5,WWOX,VRK2,NEAT1,MALAT1,FANCL,HMGCS1,GADD45GIP1,ACTB,FTH1,ARL15,SNHG5,WARS,COX5A,RANBP1,PEX14,ESYT2,CHCHD3,SLC30A1,SPECC1,LUC7L2,IER5L,FAM155A"
"gene_set_query"	"105"	"0.8898"	"ATF3_A549_HG19"	"ATF3"	"51"	"1810"	"0.2837"	"0.453"	"1.099"	"ENCODE--ChIP-seq"	"PSMD8,MEF2A,CLNS1A,ATF6,NCSTN,CLTC,MRC2,TEX10,EMP3,GAS5,APEX1,LAMP1,MTREX,VRK2,S100A6,MALAT1,AAGAB,TNFRSF10B,MOB4,LSM7,OGT,ASPH,GAPDH,SLC25A6,NFAT5,TXNRD1,ACTB,ACTN4,MBTD1,DYM,PYCR1,CALM3,SLC44A1,HIBADH,SIPA1L3,MAP1LC3B,ANKRD1,PRMT2,MLF2,COX5A,EXOSC6,UBB,BPTF,HSPA5,CCDC137,DDX46,TSEN15,NDUFS1,IER5L,S100PBP,VIM"
"gene_set_query"	"106"	"0.8983"	"CBX2_K562_HG19"	"CBX2"	"50"	"1781"	"0.2941"	"0.459"	"1.095"	"ENCODE--ChIP-seq"	"RAPH1,ANKS1B,DKK3,PARD3,ATF3,FN1,LYPD6B,HRK,MYOF,EMP2,FOS,DPYD,PELI2,FAM49A,FGF2,DACH1,NRF1,CDK6,MOXD1,PHACTR2,PGM5,HDAC9,MALT1,FYN,KLF5,RUNX1,CD109,PTPRS,PTPRF,RNF144B,PRICKLE1,RELN,HSD17B2,SH3RF2,STEAP3,SCN9A,KAZN,ARID5B,MID1,ARHGEF26,CTTNBP2,CAMTA1,SPECC1,BAMBI,BMPR1B,CHD7,LAMC1,PTGIS,LUC7L2,LAMA3"
"gene_set_query"	"107"	"0.9068"	"ATF2_H1HESC_HG19"	"ATF2"	"49"	"1749"	"0.3009"	"0.465"	"1.093"	"ENCODE--ChIP-seq"	"TFRC,PSMD8,CREB3L2,MEF2A,EWSR1,CLNS1A,DDIT4,CGGBP1,SF1,NCSTN,EXOC6B,CLTC,SH3BGRL3,TEX10,ANGPTL2,SDAD1,NRAS,LAMP1,VRK2,OGT,ETFA,SUMO1,MMS22L,ASPH,PPP1R12B,SRRM2,CSTF3,ZNF706,XRCC6,STAG1,HIBADH,DHX15,WARS,MLF2,COX5A,EXOSC6,SH3RF2,ESYT2,NDUFA11,SCG5,UBB,UBE2H,HSPA5,UBE2B,AZIN1,DIAPH3,DDX46,NDUFS1,S100PBP"
"gene_set_query"	"108"	"0.9153"	"SPI1_GM12891_HG19"	"SPI1"	"28"	"985"	"0.3272"	"0.487"	"1.109"	"ENCODE--ChIP-seq"	"CGGBP1,TIPARP,GPR137B,MRC2,MYOF,EMP3,CHML,PROS1,LAMP1,M6PR,SUMO1,VPS13C,NFAT5,SYT11,ACTB,RUNX1,TLN1,MBTD1,SLAMF7,MAP9,SIPA1L3,DHX15,NAPG,CCDC137,MYH9,NDUFS1,PARG,ATP1A1"
"gene_set_query"	"109"	"0.9237"	"FLI1_MEGAKARYOCYTE_MM9"	"FLI1"	"49"	"1837"	"0.4228"	"0.567"	"1.039"	"ENCODE--ChIP-seq"	"PSMD8,PSMD2,PRKACB,SEH1L,NCSTN,ZNF148,CLTC,TEX10,EMP3,SDAD1,IPO7,MALAT1,ERH,ENY2,BAG1,FANCL,MOB4,SUMO1,NT5C3A,MMS22L,METTL25,SYF2,NDUFB4,TMEM41B,HERC2,TLN1,CSTF3,SCFD1,CALU,CALM3,C2CD3,PYROXD1,GDI2,AKAP11,SPTLC2,TMED7,CAP1,MLF2,NAPG,EXOSC6,RANBP1,PPIP5K2,PPME1,NDUFV1,TBCK,ACBD3,PHTF2,DDX46,PARG"
"gene_set_query"	"110"	"0.9322"	"CTCFL_K562_HG19"	"CTCFL"	"56"	"2154"	"0.4882"	"0.63"	"1.012"	"ENCODE--ChIP-seq"	"SLC4A2,CREB3L2,SF1,EPB41L5,HLCS,CDK17,CADM1,TIPARP,RDX,NETO2,ELL2,MLLT11,HRK,PRSS12,MZT2B,LAMP1,DSC2,ITPR2,NRF1,OSBPL3,ETFA,VPS13C,DSG2,SLC25A4,TXNRD1,KLF5,RUSC2,TLN1,EZR,ZNF706,PTK2,STAG1,MYO5B,SH3KBP1,PCNA,EXOSC6,RELN,RANBP1,ESYT2,RTN3,VCP,NDUFV1,BPTF,SPECC1,CHCHD10,GULP1,AFDN,BAMBI,PHTF2,DDX46,CHD7,PEAK1,LUC7L2,SPOCK1,PDLIM7,DEK"
"gene_set_query"	"111"	"0.9407"	"ELF1_K562_HG19"	"ELF1"	"31"	"1216"	"0.5445"	"0.68"	"0.9918"	"ENCODE--ChIP-seq"	"MEF2A,CGGBP1,TIPARP,USO1,TPK1,ETNK1,IPO7,NPEPPS,ENY2,ETFA,MMS22L,PPP1R12B,TXNRD1,SYT11,CSTF3,CAMLG,STEAP3,LOXL2,POGZ,USP53,NDUFV1,CHCHD10,CLK1,DIAPH3,ACBD3,DDX46,TSEN15,LUC7L2,RALA,NT5DC2,PDLIM7"
"gene_set_query"	"112"	"0.9492"	"HNF4G_HEPG2_HG19"	"HNF4G"	"14"	"556"	"0.5686"	"0.695"	"0.9792"	"ENCODE--ChIP-seq"	"LRRC1,NEAT1,ENY2,TNFRSF10B,ETFA,HMGCS1,RUSC2,SNHG5,MYO5B,GDI2,MLF2,RANBP1,ZFP36L2,NDUFS1"
"gene_set_query"	"113"	"0.9576"	"NFATC1_GM12878_HG19"	"NFATC1"	"35"	"1407"	"0.6002"	"0.72"	"0.9671"	"ENCODE--ChIP-seq"	"MEF2A,EWSR1,CLNS1A,ATF6,NCSTN,TIPARP,CLTC,TEX10,GAS5,TPK1,PNISR,VRK2,ERH,MOB4,LSM7,OGT,SLC25A4,SLC25A6,GADD45GIP1,SRRM2,MBTD1,SLAMF7,SNHG5,STAG1,DHX15,NCOA3,MLF2,EXOSC6,ESYT2,PPME1,CYBA,HSPA5,AZIN1,DDX46,YWHAZ"
"gene_set_query"	"114"	"0.9661"	"SREBF1_HEPG2_HG19"	"SREBF1"	"11"	"455"	"0.6226"	"0.738"	"0.9392"	"ENCODE--ChIP-seq"	"ETNK1,AAGAB,TNFRSF10B,HMGCS1,KLF7,TMEM41B,MAP1LC3B,PNPLA3,CHCHD3,ZFP36L2,PHTF2"
"gene_set_query"	"115"	"0.9746"	"SIX5_GM12878_HG19"	"SIX5"	"29"	"1222"	"0.6904"	"0.783"	"0.9215"	"ENCODE--ChIP-seq"	"SLC4A2,PSMD8,EXOC6B,WWOX,CARD8,IPO7,MITF,ERH,ENY2,M6PR,PIK3C3,PPP1R12B,SRRM2,THAP4,TLN1,DYM,C2CD3,MAP1LC3B,CAMLG,NCOA3,UBE2G2,PEX14,CHCHD3,PPME1,FBXW11,NDUFV1,SPECC1,UBE2H,LUC7L2"
"gene_set_query"	"116"	"0.9831"	"IRF4_GM12878_HG19"	"IRF4"	"41"	"1715"	"0.697"	"0.786"	"0.9285"	"ENCODE--ChIP-seq"	"MEF2A,DDIT4,ATF6,TIPARP,MLLT11,CLTC,PEA15,SH3BGRL3,EMP3,GAS5,LYPLAL1,WWOX,TPK1,CARD8,APEX1,PNISR,NEAT1,MALAT1,ERH,AAGAB,MOB4,OGT,SYF2,MFSD14C,HERC2,B2M,RUNX1,MBTD1,SLAMF7,STAG1,CAP1,CYBA,KCTD9,UBB,BPTF,CLK1,DDX3X,TSEN15,LUC7L2,PARG,S100PBP"
"gene_set_query"	"117"	"0.9915"	"RUNX3_GM12878_HG19"	"RUNX3"	"35"	"1540"	"0.7849"	"0.846"	"0.8816"	"ENCODE--ChIP-seq"	"GMFB,EID1,CLNS1A,RSU1,EXOC6B,EMP3,FOS,DPYD,PLIN2,USO1,SDAD1,APEX1,NRF1,LSM7,VPS13C,NFAT5,TXNRD1,KLF5,SCFD1,SIPA1L3,SPTLC2,TMED7,ITFG1,SLC20A2,EXOSC6,UBE2G2,NDUFA11,CCDC148,TBC1D12,NDUFV1,HSPA5,UBE2B,SMAD5,DIAPH3,USP14"
"gene_set_query"	"118"	"1.0"	"SREBF2_GM12878_HG19"	"SREBF2"	"6"	"366"	"0.9086"	"0.939"	"0.6318"	"ENCODE--ChIP-seq"	"HMGCS1,ZMYND8,CALM3,UBE2G2,RABEP1,LUC7L2"